url	orgao
https://www.acrelandia.ac.gov.br/novo-portal-transparencia	Portal da Transparência da Prefeitura do Município de Acrelândia
http://www.sisintec.com.br/cma/informacao/externo/	Portal da Transparência da Câmara Municipal de Acrelândia
https://www.assisbrasil.ac.gov.br/transparencia/#	Portal da Transparência da Prefeitura do Município de Assis Brasil
https://e-gov.betha.com.br/transparencia/01037-041/recursos.faces?mun=suy9dMJmVj_9boBqQOqTyA==	Portal da Transparência da Câmara Municipal de Assis Brasil
https://www.brasileia.ac.gov.br/transparencia	Portal da Transparência da Prefeitura do Município de Brasiléia
http://www.sisintec.com.br/cmbj/informacao/externo/	Portal da Transparência da Câmara Municipal de Bujari
http://ac.portaldatransparencia.com.br/prefeitura/capixaba/	Portal da Transparência da Prefeitura do Município de Capixaba
https://e-gov.betha.com.br/transparencia/01037-041/recursos.faces?mun=kntTEVwGma5iDxhWs_B0aQ==	Portal da Transparência da Câmara Municipal de Capixaba
https://e-gov.betha.com.br/transparencia/01037-041/recursos.faces?mun=b4wcwS-BldLqGX70wW_png==	Portal da Transparência da Prefeitura do Município de Cruzeiro do Sul
https://e-gov.betha.com.br/transparencia/01037-041/recursos.faces?mun=NEbovM80Bc1764uBvJTs-g==	Portal da Transparência da Câmara Municipal de Cruzeiro do Sul
https://www.epitaciolandia.ac.gov.br/novo-portal-transparencia	Portal da Transparência da Prefeitura do Município de Epitaciolândia
https://e-gov.betha.com.br/transparencia/01037-011/recursos.faces?mun=O5CpgMQ6eZh7AXzLGuIGXQ==	Portal da Transparência da Câmara Municipal de Epitaciolândia
https://www.feijo.ac.gov.br/transparencia-inicial	Portal da Transparência da Prefeitura do Município de Feijó
http://www.sisintec.com.br/cmfj/informacao/externo/	Portal da Transparência da Câmara Municipal de Feijó
https://www.jordao.ac.gov.br/transparencia	Portal da Transparência da Prefeitura do Município de Jordão
https://www.jordao.ac.leg.br/transparencia	Portal da Transparência da Câmara Municipal de Jordão
https://www.manoelurbano.ac.gov.br/transparencia	Portal da Transparência da Prefeitura do Município de Manoel Urbano
https://www.marechalthaumaturgo.ac.gov.br/transparencia	Portal da Transparência da Prefeitura do Município de Marechal Thaumaturgo
https://e-gov.betha.com.br/transparencia/01037-041/recursos.faces?mun=nYf6c9-0Ls8GrQGTE2P-qA==	Portal da Transparência da Câmara Municipal de Marechal Thaumaturgo
https://www.manciolima.ac.gov.br/transparencia	Portal da Transparência da Prefeitura do Município de Mâncio Lima
http://www.sisintec.com.br/cmml/informacao/externo/	Portal da Transparência da Câmara Municipal de Mâncio Lima
https://www.placidodecastro.ac.gov.br/noticias	Portal da Transparência da Prefeitura do Município de Plácido de Castro
http://www.sisintec.com.br/cmpc/informacao/externo/	Portal da Transparência da Câmara Municipal de Plácido de Castro
https://www.portoacre.ac.gov.br/portal-de-transparencia	Portal da Transparência da Prefeitura do Município de Porto Acre
http://www.sisintec.com.br/cmpa/informacao/externo/	Portal da Transparência da Câmara Municipal de Porto Acre
https://www.portowalter.ac.gov.br/novo-portal-transparencia	Portal da Transparência da Prefeitura do Município de Porto Walter
https://e-gov.betha.com.br/transparencia/01037-041/recursos.faces?mun=fvGsPHJkGU8JpQwtddTWgQ==	Portal da Transparência da Câmara Municipal de Porto Walter
http://transparencia.riobranco.ac.gov.br/	Portal da Transparência do Município de Rio Branco
https://www.riobranco.ac.leg.br/transparencia/portal-transparencia	Portal da Transparência da Câmara Municipal de Rio Branco
https://www.rodriguesalves.ac.gov.br/transparencia	Portal da Transparência da Prefeitura do Município de Rodrigues Alves
https://e-gov.betha.com.br/transparencia/01037-041/recursos.faces?mun=XOVMhVweax0BbESdt1ZbEw==	Portal da Transparência da Câmara Municipal de Rodrigues Alves
http://www.sisintec.com.br/pmsr/informacao/externo/	Portal da Transparência da Prefeitura do Município de Santa Rosa do Purus
http://www.sisintec.com.br/cmsr/informacao/externo/	Portal da Transparência da Câmara Municipal de Santa Rosa do Purus
https://www.senamadureira.ac.gov.br/transparencia	Portal da Transparência da Prefeitura do Município de Sena Madureira
http://www.sisintec.com.br/cmsm/informacao/externo/	Portal da Transparência da Câmara Municipal de Sena Madureira
https://www.senadorguiomard.ac.gov.br/transparencia	Portal da Transparência da Prefeitura do Município de Senador Guiomard
https://www.senadorguiomard.ac.leg.br/transparencia	Portal da Transparência da Câmara Municipal de Senador Guiomard
https://www.tarauaca.ac.gov.br/portal-da-transparencia	Portal da Transparência da Prefeitura do Município de Tarauacá
https://www.tarauaca.ac.leg.br/transparencia	Portal da Transparência da Câmara Municipal de Tarauacá
https://www.xapuri.ac.gov.br/portal-transparencia	Portal da Transparência da Prefeitura do Município de Xapuri
https://e-gov.betha.com.br/transparencia/01037-041/recursos.faces?mun=bZMj6GKdC0cTc-UBzwMJ1Q==	Portal da Transparência da Câmara Municipal de Xapuri
http://www.transparencia.maceio.al.gov.br/	Portal da Transparência do Município de Maceió
https://www.transparencia.net.br/portal/1349/info	Portal da Transparência da Prefeitura do Município de Amapá
https://www.transparencia.net.br/portal/1345/info	Portal da Transparência da Câmara Municipal de Amapá
https://calcoene.portal.ap.gov.br/contas	Portal da Transparência da Prefeitura do Município de Calçoene
https://www.calcoene.ap.leg.br/transparencia	Portal da Transparência da Câmara Municipal de Calçoene
https://www.gove.digital/dados-abertos/#/calcoene-ap/geral	Dados na plataforma Gove do Município Calçoene
http://homologacao.cutias.ap.gov.br/contas	Portal da Transparência da Prefeitura do Município de Cutias
https://www.cutias.ap.leg.br/transparencia	Portal da Transparência da Câmara Municipal de Cutias
https://www.gove.digital/dados-abertos/#/cutias-ap/geral	Dados na plataforma Gove do Município Cutias
http://www.fenix.com.br/transparencia/753	Portal da Transparência da Prefeitura do Município de Ferreira Gomes
https://www.camaramfg.ap.gov.br/acesso-a-informacao/	Portal da Transparência da Câmara Municipal de Ferreira Gomes
https://www.gove.digital/dados-abertos/#/ferreira-gomes-ap/geral	Dados na plataforma Gove do Município Ferreira Gomes
https://itaubal.ap.gov.br/portal-da-transparencia/	Portal da Transparência da Prefeitura do Município de Itaubal
https://www.transparencia.net.br/portal/609/info	Portal da Transparência da Prefeitura do Município de Laranjal do Jari
https://www.transparencia.net.br/portal/80402/info	Portal da Transparência da Câmara Municipal de Laranjal do Jari
http://transparencia2.macapa.ap.gov.br/	Portal da Transparência da Prefeitura do Município de Macapá
https://www.macapa.ap.leg.br/transparencia	Portal da Transparência da Câmara Municipal de Macapá
https://www.gove.digital/dados-abertos/#/macapa-ap/geral	Dados na plataforma Gove do Município Macapá
https://www.transparencia.net.br/portal/1350/info	Portal da Transparência da Prefeitura do Município de Mazagão
https://www.transparencia.net.br/portal/1353/info	Portal da Transparência da Câmara Municipal de Mazagão
https://www.transparencia.net.br/portal/810/info	Portal da Transparência da Prefeitura do Município de Oiapoque
https://www.oiapoque.ap.leg.br/transparencia	Portal da Transparência da Câmara Municipal de Oiapoque
http://amapari.brasiltransparente.net/transparencia/	Portal da Transparência da Prefeitura do Município de Pedra Branca do Amapari
http://portogrande.brasiltransparente.net/transparencia/	Portal da Transparência da Prefeitura do Município de Porto Grande
http://camaraporto.brasiltransparente.net/transparencia/	Portal da Transparência da Câmara Municipal de Porto Grande
https://www.transparencia.net.br/portal/1357/info	Portal da Transparência da Prefeitura do Município de Pracuúba
https://www.transparencia.net.br/portal/1354/info	Portal da Transparência da Câmara Municipal de Pracuúba
https://santana.ap.gov.br/portal-da-transparencia/	Portal da Transparência da Prefeitura do Município de Santana
https://santana.ap.leg.br/transparencia	Portal da Transparência da Câmara Municipal de Santana
http://serradonavio.brasiltransparente.net/transparencia/	Portal da Transparência da Prefeitura do Município de Serra do Navio
http://tartarugalzinho.brasiltransparente.net/transparencia/	Portal da Transparência da Prefeitura do Município de Tartarugalzinho
https://www.vitoriadojari.ap.gov.br/portal-transparencia	Portal da Transparência da Prefeitura do Município de Vitória do Jari
https://www.cmvitoriadojari.ap.gov.br/acesso-a-informacao/	Portal da Transparência da Câmara Municipal de Vitória do Jari
https://transparenciamunicipalaam.org.br/	Prefeitura Municipal de Alvarães
http://www.amatura.am.gov.br/109/Transparencia/	Prefeitura Municipal de Amaturá
https://transparenciamunicipalaam.org.br/	Prefeitura Municipal de Anamã
https://transparenciamunicipalaam.org.br/	Prefeitura Municipal de Anori
https://transparenciamunicipalaam.org.br/	Prefeitura Municipal de Apuí
https://transparenciamunicipalaam.org.br/	Prefeitura Municipal de Atalaia do Norte
http://servicos.autazes.am.gov.br/portaltransparencia/	Prefeitura Municipal de Autazes
https://transparenciamunicipalaam.org.br/	Prefeitura Municipal de Barcelos
https://transparenciamunicipalaam.org.br/	Prefeitura Municipal de Barreirinha
https://transparenciamunicipalaam.org.br/	Prefeitura Municipal de Benjamin Constant
https://transparenciamunicipalaam.org.br/	Prefeitura Municipal de Beruri
https://transparenciamunicipalaam.org.br/	Prefeitura Municipal de Boa Vista do Ramos
https://transparenciamunicipalaam.org.br/	Prefeitura Municipal de Boca do Acre
http://www.transparencia-am.com.br/BORBA/PREVI/borba.php	Prefeitura Municipal de Borba
https://transparenciamunicipalaam.org.br/	Prefeitura Municipal de Caapiranga
https://transparenciamunicipalaam.org.br/	Prefeitura Municipal de Canutama
http://www.carauari.am.gov.br/transparencia/	Prefeitura Municipal de Carauari
https://transparenciamunicipalaam.org.br/	Prefeitura Municipal de Careiro
https://transparenciamunicipalaam.org.br/	Prefeitura Municipal de Careiro da Várzea
http://coari.am.gov.br/transparencia/	Prefeitura Municipal de Coari
https://transparenciamunicipalaam.org.br/	Prefeitura Municipal de Codajás
https://transparenciamunicipalaam.org.br/	Prefeitura Municipal de Eirunepé
https://transparenciamunicipalaam.org.br/	Prefeitura Municipal de Envira
https://transparenciamunicipalaam.org.br/	Prefeitura Municipal de Fonte Boa
https://transparenciamunicipalaam.org.br/	Prefeitura Municipal de Guajará
https://e-gov.betha.com.br/transparencia/01037-006/recursos.faces	Prefeitura Municipal de Humaitá
https://transparenciamunicipalaam.org.br/	Prefeitura Municipal de Ipixuna
https://transparenciamunicipalaam.org.br/	Prefeitura Municipal de Iranduba
http://perseusdata.com/PMitacoatiara/	Prefeitura Municipal de Itacoatiara
https://transparenciamunicipalaam.org.br/	Prefeitura Municipal de Itamarati
https://servicos.dattasystem.com.br/am/pm_itapiranga/	Prefeitura Municipal de Itapiranga
https://transparenciamunicipalaam.org.br/	Prefeitura Municipal de Japurá
https://transparenciamunicipalaam.org.br/	Prefeitura Municipal de Juruá
https://transparenciamunicipalaam.org.br/	Prefeitura Municipal de Jutaí
http://transparencia-labrea.org/	Prefeitura Municipal de Lábrea
http://transparencia.manacapuru.am.gov.br/	Prefeitura Municipal de Manacapuru
https://transparenciamunicipalaam.org.br/	Prefeitura Municipal de Manaquiri
https://transparencia.manaus.am.gov.br/transparencia/v2/#/home	Prefeitura Municipal de Manaus
http://perseusdata.com/PMmanicore/	Prefeitura Municipal de Manicoré
https://transparenciamunicipalaam.org.br/	Prefeitura Municipal de Maraã
https://transparenciamunicipalaam.org.br/	Prefeitura Municipal de Maués
http://perseusdata.com/PMnhamunda/	Prefeitura Municipal de Nhamundá
https://transparenciamunicipalaam.org.br/	Prefeitura Municipal de Nova Olinda do Norte
http://perseusdata.com/PMnovoairao/	Prefeitura Municipal de Novo Airão
https://transparenciamunicipalaam.org.br/	Prefeitura Municipal de Novo Aripuanã
https://transparencia.parintins.am.gov.br/	Prefeitura Municipal de Parintins
https://transparenciamunicipalaam.org.br/	Prefeitura Municipal de Pauini
https://transparenciamunicipalaam.org.br/	Prefeitura Municipal de Presidente Figueiredo
http://riopretodaeva.portaldatransparencia.org/	Prefeitura Municipal de Rio Preto da Eva
https://transparenciamunicipalaam.org.br/	Prefeitura Municipal de Santa Izabel do Rio Negro
https://transparenciamunicipalaam.org.br/	Prefeitura Municipal de Santo Antônio do Içá
https://transparenciamunicipalaam.org.br/	Prefeitura Municipal de São Gabriel da Cachoeira
https://transparenciamunicipalaam.org.br/	Prefeitura Municipal de São Paulo de Olivença
http://www.transparencia-am.com.br/SAOSEBASTIAODOUATUMA/PM/saosebastiaodouatuma.php	Prefeitura Municipal de São Sebastião do Uatumã
https://transparenciamunicipalaam.org.br/	Prefeitura Municipal de Silves
https://transparenciamunicipalaam.org.br/	Prefeitura Municipal de Tabatinga
https://transparenciamunicipalaam.org.br/	Prefeitura Municipal de Tapauá
https://transparenciamunicipalaam.org.br/	Prefeitura Municipal de Tefé
https://transparenciamunicipalaam.org.br/	Prefeitura Municipal de Tonantins
https://transparenciamunicipalaam.org.br/	Prefeitura Municipal de Uarini
https://www.urucara.am.gov.br/portal-da-transparencia/	Prefeitura Municipal de Urucará
https://transparenciamunicipalaam.org.br/	Prefeitura Municipal de Urucurituba
http://www.camacan.ba.gov.br/transparencia	Prefeitura Municipal de Camacan - Transparência
http://www.transparencia.feiradesantana.ba.gov.br/index.php?view=inicio	Portal da Transparência do Município de Feira de Santana
http://www.transparencia.salvador.ba.gov.br/	Portal da Transparência do Município de Salvador
http://teixeiradefreitas-ba.portaltp.com.br/	Portal da Transparência do Município de Teixeira de Freitas
http://transparencia.pmvc.ba.gov.br/	Portal da Transparência do Município de Vitória da Conquista
http://www.caucaia.ce.gov.br/index.php?tabela=pagina&acao=transparencia	Portal da Transparência do Município de Caucaia
http://dados.fortaleza.ce.gov.br/	Portal de Dados Abertos do Município de Fortaleza
http://www.aracruz.es.gov.br/portaltransparencia/index.php	Portal da Transparência do Município de Aracruz
http://transparencia.cariacica.es.gov.br/	Portal da Transparência do Município de Cariacica
http://colatina-es.portaltp.com.br/	Portal da Transparência do Município de Colatina
http://linhares-es.portaltp.com.br/	Portal da Transparência do Município de Linhares
http://transparencia.serra.es.gov.br/	Portal da Transparência do Município de Serra
http://transparencia.vilavelha.es.gov.br/transparenciaWeb/	Portal da Transparência do Município de Vila Velha
http://transparencia.vitoria.es.gov.br/Default.aspx	Portal da Transparência do Município de Vitória
http://adelandia.go.gov.br/transparencia/	Portal da Transparência e Dados Abertos do Município de Adelândia
http://www.transparencia.anapolis.go.gov.br:8091/transparencia/	Portal da Transparência e Dados Abertos do Município de Anápolis
http://transparencia.aparecida.go.gov.br/portaltransparencia/	Portal da Transparência do Município de Aparecida de Goiânia
http://www10.goiania.go.gov.br/transweb/	Portal da Transparência do Município de Goiânia
http://transparencia.afonsocunha.ma.gov.br/	Portal da Transparência do Município de Afonso Cunha
http://transparencia.aldeiasaltas.ma.gov.br/	Portal da Transparência do Município de Aldeias Altas
http://transparencia.altoparnaiba.ma.gov.br/	Portal da Transparência do Município de Alto Parnaíba
http://transparencia.anajatuba.ma.gov.br/	Portal da Transparência do Município de Anajatuba
http://transparencia.anapurus.ma.gov.br/	Portal da Transparência do Município de Anapurus
http://transparencia.araguana.ma.gov.br/	Portal da Transparência do Município de Araguanã
http://transparencia.araioses.ma.gov.br/	Portal da Transparência do Município de Araioses
http://transparencia.axixa.ma.gov.br/	Portal da Transparência do Município de Axixá
https://www.acailandia.ma.gov.br/transparencia	Portal da Transparência do Município de Açailândia
http://alcantara.ma.gov.br/transparencia/	Portal da Transparência do Município de Alcântara
http://www.altoalegredomaranhao.ma.gov.br/portal/index.php/portal-da-transparencia	Portal da Transparência do Município de Alto Alegre do Maranhão
http://www.transparencia.amapa.ma.gov.br/	Portal da Transparência do Município de Amapá do Maranhão
http://altamira.ma.gov.br/servico/?id=1	Portal da Transparência do Município de Altamira do Maranhão
http://barrosoptr.dcfiorilli.com.br:2024/SCPIWEB_PMALTOALEGREDOPINDARE/	Portal da Transparência do Município de Alto Alegre do Pindaré
http://amarante.ma.gov.br/portal-transparencia	Portal da Transparência do Município de Amarante do Maranhão
http://transparencia.bacabeira.ma.gov.br/	Portal da Transparência do Município de Bacabeira
http://transparencia.bacuri.ma.gov.br/	Portal da Transparência do Município de Bacuri
http://transparencia.bacurituba.ma.gov.br/	Portal da Transparência do Município de Bacurituba
http://transparencia.balsas.ma.gov.br/	Portal da Transparência do Município de Balsas
http://transparencia.baraodegrajau.ma.gov.br/	Portal da Transparência do Município de Barão de Grajaú
http://transparencia.belagua.ma.gov.br/	Portal da Transparência do Município de Belágua
http://transparencia.boavistadogurupi.ma.gov.br/	Portal da Transparência do Município de Boa Vista do Gurupi
http://transparencia.brejo.ma.gov.br/	Portal da Transparência do Município de Brejo
http://transparencia.brejodeareia.ma.gov.br/	Portal da Transparência do Município de Brejo de Areia
http://transparencia.buriti.ma.gov.br/	Portal da Transparência do Município de Buriti
http://transparencia.buriticupu.ma.gov.br/	Portal da Transparência do Município de Buriticupu
http://transparencia.cajapio.ma.gov.br/	Portal da Transparência do Município de Cajapió
http://transparencia.candidomendes.ma.gov.br/	Portal da Transparência do Município de Cândido Mendes
http://transparencia.carolina.ma.gov.br/	Portal da Transparência do Município de Carolina
http://transparencia.carutapera.ma.gov.br/	Portal da Transparência do Município de Carutapera
http://transparencia.centrodoguilherme.ma.gov.br/	Portal da Transparência do Município de Centro do Guilherme
http://transparencia.chapadinha.ma.gov.br/	Portal da Transparência do Município de Chapadinha
http://transparencia.coelhoneto.ma.gov.br/	Portal da Transparência do Município de Coelho Neto
http://transparencia.coroata.ma.gov.br/	Portal da Transparência do Município de Coroatá
http://transparencia.cururupu.ma.gov.br/	Portal da Transparência do Município de Cururupu
http://transparencia.dompedro.ma.gov.br/	Portal da Transparência do Município de Dom Pedro
http://transparencia.duquebacelar.ma.gov.br/	Portal da Transparência do Município de Duque Bacelar
http://transparencia.feiranovadomaranhao.ma.gov.br/	Portal da Transparência do Município de Feira Nova do Maranhão
http://transparencia.fernandofalcao.ma.gov.br/	Portal da Transparência do Município de Fernando Falcão
http://transparencia.formosadaserranegra.ma.gov.br/	Portal da Transparência do Município de Formosa da Serra Negra
http://transparencia.fortalezadosnogueiras.ma.gov.br/	Portal da Transparência do Município de Fortaleza dos Nogueiras
http://transparencia.fortuna.ma.gov.br/	Portal da Transparência do Município de Fortuna
http://transparencia.goncalvesdias.ma.gov.br/	Portal da Transparência do Município de Gonçalves Dias
http://transparencia.governadorarcher.ma.gov.br/	Portal da Transparência do Município de Governador Archer
http://transparencia.governadoreugeniobarros.ma.gov.br/	Portal da Transparência do Município de Governador Eugênio Barros
http://transparencia.gracaaranha.ma.gov.br/	Portal da Transparência do Município de Graça Aranha
http://transparencia.grajau.ma.gov.br/	Portal da Transparência do Município de Grajaú
http://transparencia.guimaraes.ma.gov.br/	Portal da Transparência do Município de Guimarães
http://transparencia.humbertodecampos.ma.gov.br/	Portal da Transparência do Município de Humberto de Campos
http://transparencia.imperatriz.ma.gov.br/	Portal da Transparência do Município de Imperatriz
http://transparencia.itapecurumirim.ma.gov.br/	Portal da Transparência do Município de Itapecuru Mirim
http://transparencia.jatoba.ma.gov.br/	Portal da Transparência do Município de Jatobá
http://transparencia.jenipapodosvieiras.ma.gov.br/	Portal da Transparência do Município de Jenipapo dos Vieiras
http://transparencia.lagodojunco.ma.gov.br/	Portal da Transparência do Município de Lago do Junco
http://transparencia.lagoadomato.ma.gov.br/	Portal da Transparência do Município de Lagoa do Mato
http://transparencia.magalhaesdealmeida.ma.gov.br/	Portal da Transparência do Município de Magalhães de Almeida
http://transparencia.maranhaozinho.ma.gov.br/	Portal da Transparência do Município de Maranhãozinho
http://transparencia.mataroma.ma.gov.br/	Portal da Transparência do Município de Mata Roma
http://transparencia.matinha.ma.gov.br/	Portal da Transparência do Município de Matinha
http://transparencia.matoes.ma.gov.br/	Portal da Transparência do Município de Matões
http://transparencia.milagresdomaranhao.ma.gov.br/	Portal da Transparência do Município de Milagres do Maranhão
http://transparencia.mirador.ma.gov.br/	Portal da Transparência do Município de Mirador
http://transparencia.ninarodrigues.ma.gov.br/	Portal da Transparência do Município de Nina Rodrigues
http://transparencia.novacolinas.ma.gov.br/	Portal da Transparência do Município de Nova Colinas
http://transparencia.olhodaguadascunhas.ma.gov.br/	Portal da Transparência do Município de Olho d’Água das Cunhãs
http://transparencia.palmeirandia.ma.gov.br/	Portal da Transparência do Município de Palmeirândia
http://transparencia.parnarama.ma.gov.br/	Portal da Transparência do Município de Parnarama
http://transparencia.pastosbons.ma.gov.br/	Portal da Transparência do Município de Pastos Bons
http://transparencia.penalva.ma.gov.br/	Portal da Transparência do Município de Penalva
http://transparencia.pioxii.ma.gov.br/	Portal da Transparência do Município de Pio XII
http://transparencia.portofranco.ma.gov.br/	Portal da Transparência do Município de Porto Franco
http://transparencia.presidentedutra.ma.gov.br/	Portal da Transparência do Município de Presidente Dutra
http://transparencia.presidentejuscelino.ma.gov.br/	Portal da Transparência do Município de Presidente Juscelino
http://transparencia.raposa.ma.gov.br/	Portal da Transparência do Município de Raposa
http://transparencia.rosario.ma.gov.br/	Portal da Transparência do Município de Rosário
http://transparencia.sambaiba.ma.gov.br/	Portal da Transparência do Município de Sambaíba
http://transparencia.santaluziadoparua.ma.gov.br/	Portal da Transparência do Município de Santa Luzia do Paruá
http://transparencia.santarita.ma.gov.br/	Portal da Transparência do Município de Santa Rita
http://transparencia.saobeneditodoriopreto.ma.gov.br/	Portal da Transparência do Município de São Benedito do Rio Preto
http://transparencia.saodomingosdoazeitao.ma.gov.br/	Portal da Transparência do Município de São Domingos do Azeitão
http://transparencia.saodomingosdomaranhao.ma.gov.br/	Portal da Transparência do Município de São Domingos do Maranhão
http://transparencia.saofelixdebalsas.ma.gov.br/	Portal da Transparência do Município de São Félix de Balsas
http://transparencia.saofranciscodomaranhao.ma.gov.br/	Portal da Transparência do Município de São Francisco do Maranhão
http://transparencia.saojoaobatista.ma.gov.br/	Portal da Transparência do Município de São João Batista
http://transparencia.saojoaodocaru.ma.gov.br/	Portal da Transparência do Município de São João do Carú
http://transparencia.saojoaodoparaiso.ma.gov.br/	Portal da Transparência do Município de São João do Paraíso
http://transparencia.saojoaodosoter.ma.gov.br/	Portal da Transparência do Município de São João do Soter
http://transparencia.saojosederibamar.ma.gov.br/	Portal da Transparência do Município de São José de Ribamar
http://transparencia.saojosedosbasilios.ma.gov.br/	Portal da Transparência do Município de São José dos Basílios
http://transparencia.saoluis.ma.gov.br/	Portal da Transparência do Município de São Luís
http://transparencia.saoraimundodasmangabeiras.ma.gov.br/	Portal da Transparência do Município de São Raimundo das Mangabeiras
http://transparencia.satubinha.ma.gov.br/	Portal da Transparência do Município de Satubinha
http://transparencia.senadorlarocque.ma.gov.br/	Portal da Transparência do Município de Senador La Rocque
http://transparencia.sucupiradoriachao.ma.gov.br/	Portal da Transparência do Município de Sucupira do Riachão
http://transparencia.tassofragoso.ma.gov.br/	Portal da Transparência do Município de Tasso Fragoso
http://transparencia.timbiras.ma.gov.br/	Portal da Transparência do Município de Timbiras
http://timon.ma.gov.br/transparencia/	Portal da Transparência do Município de Timon
http://transparencia.tufilandia.ma.gov.br/	Portal da Transparência do Município de Tufilândia
http://transparencia.tuntum.ma.gov.br/	Portal da Transparência do Município de Tuntum
http://transparencia.turilandia.ma.gov.br/	Portal da Transparência do Município de Turilândia
http://transparencia.tutoia.ma.gov.br/	Portal da Transparência do Município de Tutóia
http://transparencia.urbanosantos.ma.gov.br/	Portal da Transparência do Município de Urbano Santos
http://transparencia.viana.ma.gov.br/	Portal da Transparência do Município de Viana
http://transparencia.zedoca.ma.gov.br/	Portal da Transparência do Município de Zé Doca
http://transparencia.campogrande.ms.gov.br/	Portal da Transparência do Município de Campo Grande
https://www.gp.srv.br/transparencia_altafloresta/servlet/home_portal_v2	Portal da Transparência do Município de Alta Floresta
http://fiorilli.barradogarcas.mt.gov.br:8079/transparencia/	Portal da Transparência do Município de Barra do Garça
http://www.caceres.mt.gov.br/transparencia/	Portal da Transparência do Município de Cáceres
http://transparencia.cuiaba.mt.gov.br/transparencia/servlet/portalcuiaba	Portal da Transparência do Município de Cuiabá
http://www.novaubirata.mt.gov.br/downloads/transparencia/	Portal da Transparência do Município de Nova Ubiratã
https://www.gp.srv.br/transparencia_sinop/servlet/home_portal_v2	Portal da Transparência do Município de Sinop
https://prefeitura.pbh.gov.br/transparencia	Portal da Transparência do Município de Belo Horizonte
https://dados.pbh.gov.br/	Portal de Dados Abertos
http://servicos.betim.mg.gov.br/appsgi/servlet/wmtranspinicial	Portal da Transparência do Município de Betim
http://www.contagem.mg.gov.br/?og=527684&te=apresentacao	Portal da Transparência do Município de Contagem
https://diamantina.mg.gov.br/a-prefeitura/transparencia/	Portal da Transparência do Município de Diamantina
http://cidadesmg.com.br/portaltransparencia/faces/user/portal.xhtml?Param=PMJanauba	Portal da Transparência do Município de Janaúba
https://januaria-mg.portaltp.com.br/	Portal da Transparência do Município de Januária
https://japonvar.mg.gov.br/transparencia/	Portal da Transparência do Município de Japonvar
https://www.pjf.mg.gov.br/transparencia/index.php	Portal da Transparência do Município de Juiz de Fora
http://cidadesmg.com.br/portaltransparencia/faces/user/portal.xhtml?Param=MatoVerde	Portal da Transparência do Município de Mato Verde
http://merces.mg.gov.br/portal/	Portal da Transparência do Município de Mercês
http://cidadesmg.com.br/portaltransparencia/faces/user/portal.xhtml?Param=MonteAzul	Portal da Transparência do Município de Monte Azul
http://sis.montesclaros.mg.gov.br/transparencia	Portal da Transparência do Município de Montes Claros
https://www.riachodosmachados.mg.gov.br/transparencia	Portal da Transparência do Município de Riacho dos Machados
http://www.ribeiraodasneves.mg.gov.br/transparencia	Portal da Transparência do Município de Ribeirão das Neves
http://www.uberaba.mg.gov.br/portal/conteudo,37644	Portal da Transparência do Município de Uberaba
http://www.uberlandia.mg.gov.br/?pagina=transparencia&id=879	Portal da Transparência do Município de Uberlândia
http://www.ananindeua.pa.gov.br/transparencia/?m=services#	Portal da Transparência do Município de Ananindeua
http://transparencia.belem.pa.gov.br/giig/portais/portaldatransparencia/defaultPortalV2.aspx	Portal da Transparência do Município de Belém
http://www.cajazeiras.pb.gov.br/transparencia.php	Portal da Transparência do Município de Cajazeiras
https://www.camaracg.pb.gov.br/transparencia/	Portal da Transparência da Câmara Municipal de Campina Grande
http://campinagrande.pb.gov.br/portal-da-transparencia/	Portal da Transparência do Município de Campina Grande
http://campinagrande.pb.gov.br/semanario-oficial/	Semanário Oficial do Município de Campina Grande
http://www.guarabira.pb.gov.br/portaldatransparencia/	Portal da Transparência do Município de Guarabira
https://inga.pb.gov.br/portal-da-transparencia/	Portal da Transparência do Município de Ingá
http://transparencia.itabaiana.pb.gov.br/	Portal da Transparência do Município de Itabaiana
https://transparencia.elmartecnologia.com.br/?e=101095	Portal da Transparência da Câmara Municipal de João Pessoa
https://transparencia.joaopessoa.pb.gov.br/#/	Portal da Transparência do Município de João Pessoa
http://www.joaopessoa.pb.gov.br/semanariooficial/	Semanário Oficial do Município de João Pessoa
https://transparencia.mamanguape.pb.gov.br/	Portal da Transparência do Município de Mamanguape
http://patos.pb.gov.br/servicos/portal_da_transparencia	Portal da Transparência do Município de Patos
https://www.picui.pb.gov.br/portal/transparencia-fiscal	Portal da Transparência do Município de Picuí
http://pombal.pb.gov.br/transparencia/	Portal da Transparência do Município de Pombal
https://www.santarita.pb.gov.br/transparencia/portal-da-transparencia/	Portal da Transparência do Município de Santa Rita
http://sousa.pb.gov.br/cont.php?pagina=transparencia	Portal da Transparência do Município de Sousa
https://cascavel.atende.net/?pg=transparencia#!/	Portal da Transparência do Município de Cascavel
http://curitiba.pr.gov.br/dadosabertos/	Portal de Dados Abertos do Município de Curitiba
https://www.londrina.pr.gov.br/transparencia	Portal da Transparência do Município de Londrina
http://venus.maringa.pr.gov.br:8090/portaltransparencia/	Portal da Transparência do Município de Maringá
http://transparencia.pontagrossa.pr.gov.br/	Portal da Transparência do Município de Ponta Grossa
http://transparencia.sjp.pr.gov.br/	Portal da Transparência do Município de São José dos Pinhais
http://consultoresassociadosprojetos.com/abreuelima/painel/	Portal da Transparência do Município de Abreu e Lima
https://www.afogadosdaingazeira.pe.gov.br/prefeitura/portal-da-transparencia/	Portal da Transparência do Município de Afogados da Ingazeira
http://afranio.pe.gov.br/portal-da-transparencia/	Portal da Transparência do Município de Afrânio
https://aguapreta.pe.tenosoftsistemas.com.br/	Portal da Transparência do Município de Água Preta
https://aguasbelas.pe.tenosoftsistemas.com.br/	Portal da Transparência do Município de Águas Belas
https://www.alagoinha.pe.gov.br/transparencia/	Portal da Transparência do Município de Alagoinha
https://alianca.pe.gov.br/transparencia/	Portal da Transparência do Município de Aliança
http://netuse.inf.br/altinho_pm/portaltransparencia/	Portal da Transparência do Município de Altinho
http://amaraji.pe.transparenciamunicipal.online/	Portal da Transparência do Município de Amaraji
http://174.142.65.52:16444/transparencia/angelim/prefeitura/	Portal da Transparência do Município de Angelim
http://www.aracoiaba.pe.gov.br/transparencia/	Portal da Transparência do Município de Araçoiaba
https://lisura.araripina.pe.gov.br/clientes/araripina_pm/portaltransparencia/	Portal da Transparência do Município de Araripina
https://arcoverde.pe.tenosoftsistemas.com.br/	Portal da Transparência do Município de Arcoverde
http://transparencia.barradeguabiraba.pe.gov.br/	Portal da Transparência do Município de Barra de Guabiraba
http://www.transparenciagovernamental.com.br/barreiros	Portal da Transparência do Município de Barreiros
http://portal.belemdemaria.pe.gov.br:5656/transparencia/	Portal da Transparência do Município de Belém de Maria
http://www.belemdosaofrancisco.pe.gov.br/transparencia/	Portal da Transparência do Município de Belém de São Francisco
https://belojardim.pe.gov.br/portal-transparencia/	Portal da Transparência do Município de Belo Jardim
https://betania.pe.gov.br/transparencia/	Portal da Transparência do Município de Betânia
https://tenosoftsistemas.com.br/portal/v81/index/index.php?municipio=25&represent=2	Portal da Transparência do Município de Bezerros
https://transparencia.bodoco.pe.gov.br/	Portal da Transparência do Município de Bodocó
https://www.bomconselho.pe.gov.br/transparencia	Portal da Transparência do Município de Bom Conselho
https://bomjardim.pe.gov.br/transparencia/	Portal da Transparência do Município de Bom Jardim
https://tenosoftsistemas.com.br/portal/v81/pt_home/pt_home.php	Portal da Transparência do Município de Bonito
http://pe.portaldatransparencia.com.br/prefeitura/brejao/	Portal da Transparência do Município de Brejão
http://portaldatransparencia.publicsoft.com.br/sistemas/ContabilidadePublica/views/	Portal da Transparência do Município de Brejinho
http://netuse.inf.br/brejo_m_deus/portaltransparencia/index.php?link=1	Portal da Transparência do Município de Brejo da Madre de Deus
http://www.buenosaires.pe.gov.br/portal-da-transparencia.html	Portal da Transparência do Município de Buenos Aires
http://www.transparenciagovernamental.com.br/buique	Portal da Transparência do Município de Buíque
http://caruarupe.transparencianomunicipio.com.br/	Portal da Transparência do Município de Caruaru
https://portaldatransparencia.jaboatao.pe.gov.br/	Portal da Transparência do Município de Jaboatão dos Guararapes
http://54.233.201.15/pronimtb/	Portal da Transparência do Município de Olinda
http://transparencia.paulista.pe.gov.br/codigos/web/geral/home.php	Portal da Transparência do Município de Paulista
http://transparencia.petrolina.pe.gov.br/	Portal da Transparência do Município de Petrolina
http://dados.recife.pe.gov.br/	Portal de Dados Abertos do Município de Recife
http://www.salgueiro.pe.gov.br/transparencia/index.htm	Portal da Transparência do Município de Salgueiro
http://www.boqueiraodopiaui.pi.gov.br/boqueiraodopiaui/	Portal da Transparência do Município de Boqueirão do Piauí
http://gestaofiscal.org/camaradecampomaior/transparencia	Portal da Transparência do Município de Campo Maior
http://jatobadopiaui.pi.gov.br/jatobadopiaui/	Portal da Transparência do Município de Jatobá do Piauí
http://transparencia.teresina.pi.gov.br/	Portal da Transparência do Município de Teresina
http://www.angra.rj.gov.br/secretaria.asp?indexsigla=transp	Prefeitura de Angra dos Reis
http://www.aperibe.rj.gov.br/portal	Prefeitura de Aperibé
https://www.araruama.rj.gov.br/transparencia/	Prefeitura de Araruama
http://areal.rj.gov.br/portal-da-transparencia-2/	Prefeitura de Areal
http://transparencia.buzios.rj.gov.br/	Prefeitura de Armação dos Búzios
http://186.237.32.90:2018/contaspublicas/	Prefeitura de Arraial do Cabo
http://transparencia.portalbarradopirai.com.br/index.php/pt/	Prefeitura de Barra do Piraí
http://www.barramansa.rj.gov.br/transparencia/index.php/en/	Prefeitura de Barra Mansa
http://transparencia.prefeituradebelfordroxo.rj.gov.br/	Prefeitura de Belford Roxo
http://www.bomjardim.rj.gov.br/e-sic/	Prefeitura de Bom Jardim
http://transparencia.bomjesus.rj.gov.br:8079/transparencia	Prefeitura de Bom Jesus do Itabapoana
http://cabofrio.rj.gov.br/transparencia/	Prefeitura de Cabo Frio
https://e-gov.betha.com.br/transparencia/01037-004/recursos.faces?mun=NmwYKTAEBjQ=	Prefeitura de Cachoeiras de Macacu
http://prefeituradecambuci.rj.gov.br/transparencia/	Prefeitura de Cambuci
https://transparencia.campos.rj.gov.br/home	Prefeitura de Campos dos Goytacazes
https://www.cantagalo.rj.gov.br/transparencia	Prefeitura de Cantagalo
http://pt.carapebus.rj.gov.br/	Prefeitura de Carapebus
http://transparencia.cardosomoreira.rj.gov.br:8079/transparencia/	Prefeitura de Cardoso Moreira
http://www.carmo.rj.gov.br/transparencia	Prefeitura de Carmo
http://transparencia.casimirodeabreu.rj.gov.br/	Prefeitura de Casimiro de Abreu
http://pt.levygasparian.rj.gov.br/	Prefeitura de Comendador Levy Gasparian
http://pt.conceicaodemacabu.rj.gov.br/	Prefeitura de Conceição de Macabu
http://www.cordeiro.rj.gov.br/portal	Prefeitura de Cordeiro
http://www.duasbarras.rj.gov.br/portal	Prefeitura de Duas Barras
http://transparencia.duquedecaxias.rj.gov.br/	Prefeitura de Duque de Caxias
https://e-gov.betha.com.br/transparencia/01037-004/recursos.faces?mun=LM2jR8s96JlZWH5V0U0nBOKj-tSyQHef	Prefeitura de Engenheiro Paulo de Frontin
http://guapimirim.rj.gov.br/transparencia/	Prefeitura de Guapimirim
http://digital.iguaba.rj.gov.br/	Prefeitura de Iguaba Grande
https://www.itaborai.rj.gov.br/cidade-transparente/	Prefeitura de Itaboraí
http://transparencia.itaguai.rj.gov.br/	Prefeitura de Itaguaí
http://transparencia.italva.rj.gov.br/pronimtb/index.asp	Prefeitura de Italva
http://itaocara.rj.gov.br/transparencia/	Prefeitura de Itaocara
http://186.208.242.228:81/pronimtb/	Prefeitura de Itaperuna
https://itatiaia.rj.gov.br/acesso-a-informacao	Prefeitura de Itatiaia
http://siapegov.japeri.rj.gov.br/portal-transparencia/home	Prefeitura de Japeri
http://laje.rj.gov.br/transparencia/	Prefeitura de Laje do Muriaé
http://sistemas.macae.rj.gov.br:84/transparencia/	Prefeitura de Macaé
http://prefeituramacuco.rj.gov.br/prefpop/index.html	Prefeitura de Macuco
http://transparencia.mage.rj.gov.br/	Prefeitura de Magé
https://e-gov.betha.com.br/transparencia/01037-004/recursos.faces?mun=WppxBH47Kza1Cw1lEux3UylrmoIL_iuG	Prefeitura de Mangaratiba
http://ecidadeonline.marica.rj.gov.br/e-cidade_transparencia_inte/	Prefeitura de Maricá
http://www.mendes.rj.gov.br/234	Prefeitura de Mendes
http://transparencia.mesquita.rj.gov.br/	Prefeitura de Mesquita
http://transparencia.pmmp.rj.gov.br/	Prefeitura de Miguel Pereira
http://miracema.rj.gov.br/transparencia/	Prefeitura de Miracema
http://179.109.158.34:8079/transparencia/	Prefeitura de Natividade
http://nilopolis.rj.gov.br/site/transparencia/	Prefeitura de Nilópolis
https://geo.niteroi.rj.gov.br/civitasgeoportal/	Geoportal Civitas
http://observa.niteroi.rj.gov.br/	Observatório de Indicadores
http://portais.niteroi.rj.gov.br/portal-da-transparencia/	Prefeitura de Niterói
http://transparencia.pmnf.rj.gov.br/	Prefeitura de Nova Friburgo
http://receita.novaiguacu.rj.gov.br:8484/portal-transparencia/home	Prefeitura de Nova Iguaçu
https://paracambi.ccanet.com.br/transparencia	Prefeitura de Paracambi
http://paraibadosul.rj.gov.br/transparencia	Prefeitura de Paraíba do Sul
http://pmparaty.web2382.uni5.net/blogtransparencia/index.aspx	Prefeitura de Paraty
http://177.155.184.58/e-cidade_transparencia/	Prefeitura de Paty do Alferes
http://www.petropolis.rj.gov.br/pmp/index.php/transparencia-servico/home-transparencia.html	Prefeitura de Petrópolis
http://www.pinheiral.rj.gov.br/PortalTransparencia/	Prefeitura de Pinheiral
https://transparencia.pirai.rj.gov.br/	Prefeitura de Piraí
http://transparencia.porciuncula.rj.gov.br:8079/transparencia	Prefeitura de Porciúncula
http://s2.asp.srv.br/etransparencia.pm.portoreal.rj/servlet/portal	Prefeitura de Porto Real
http://transparencia.quatis.rj.gov.br/	Prefeitura de Quatis
https://www.queimados.rj.gov.br/portal/transparencia	Prefeitura de Queimados
http://transparencia.quissama.rj.gov.br/contaspublicas/	Prefeitura de Quissamã
http://resende.rj.gov.br/blogtransparencia/page/index.asp	Prefeitura de Resende
https://e-gov.betha.com.br/transparencia/01037-004/recursos.faces?mun=ZNMCq9WbIVc=	Prefeitura de Rio Bonito
https://e-gov.betha.com.br/transparencia/01037-004/recursos.faces?mun=vmkUEqRPbWusgJfn2UjAO_5-6qALcbpz	Prefeitura de Rio Claro
http://transparenciapmrf.primaxonline.com.br/	Prefeitura de Rio das Flôres
https://www.riodasostras.rj.gov.br/transparencia/	Prefeitura de Rio das Ostras
http://prefeitura.rio/web/transparenciacarioca	Prefeitura do Rio de Janeiro
http://www.data.rio/	DATA.Rio
https://www.pmsmm.rj.gov.br/portal_transparencia	Prefeitura de Santa Maria Madalena
http://santoantoniodepadua.rj.gov.br/transparencia/	Prefeitura de Santo Antônio de Pádua
http://177.66.89.34:8079/Transparencia/	Prefeitura de São Fidélis
https://www.pmsfi.rj.gov.br/portal-da-transparencia/	Prefeitura de São Francisco de Itabapoana
https://portal.pmsg.rj.gov.br/pmsaogoncalo/websis/siapegov/portal/index.php?cliente=pmsaogoncalo	Portal da Transparência da Prefeitura de São Gonçalo
http://www.pmsg.rj.gov.br/transparencia/	Prefeitura de São Gonçalo
https://saojoaodabarra-rj.portaltp.com.br/consultas/institucional/arquivo.aspx	Prefeitura de São João da Barra
http://transparencia.meriti.rj.gov.br/?serv=28	Prefeitura de São João de Meriti
http://pt.saojosedeuba.rj.gov.br/pronimtb/	Prefeitura de Sao José de Ubá
https://e-gov.betha.com.br/transparencia/01037-005/recursos.faces	Prefeitura de São José do Vale do Rio Preto
http://transparencia.pmspa.rj.gov.br/	Prefeitura de São Pedro da Aldeia
http://ssalto.rj.gov.br/portal-da-transparencia/	Prefeitura de São Sebastião do Alto
http://sapucaia.rj.gov.br/servicos/index.html	Prefeitura de Sapucaia
http://transparencia.saquarema.rj.gov.br/	Prefeitura de Saquarema
http://transparencia.seropedica.rj.gov.br/	Prefeitura de Seropédica
http://cidadao.silvajardim.rj.gov.br/pronimtb/index.asp	Prefeitura de Silva Jardim
http://www.sumidouro.rj.gov.br/menu-transparencia/	Prefeitura de Sumidouro
https://tangua.rj.gov.br/transparencia/	Prefeitura de Tanguá
https://teresopolis.rj.gov.br/transparencia/	Prefeitura de Teresópolis
https://trajanotransparente.rj.gov.br/	Prefeitura de Trajano de Moraes
http://transparencia-pmtr.sgpsystems.com.br/	Prefeitura de Três Rios
http://www.valenca.rj.gov.br/transparencia/	Prefeitura de Valença
http://transparencia.varresai.rj.gov.br:8090/pronimtb/	Prefeitura de Varre-Sai
https://www.vassouras.rj.gov.br/transparencia	Prefeitura de Vassouras
http://www.voltaredonda.rj.gov.br/transparencia/	Prefeitura de Volta Redonda
https://www.acari.rn.leg.br/transparencia	Portal da Transparência do Município de Acari
http://170.254.243.26/	Portal da Transparência do Município de Afonso Bezerra
https://aguanova.rn.gov.br/acessoainformacao.php	Portal da Transparência do Município de Água Nova
http://www.transparenciaicone.com.br/alexandriarn/portaldatransparencia/	Portal da Transparência do Município de Alexandria
https://www.gove.digital/dados-abertos/#/alexandria-rn/geral	Dados Abertos do Município de Alexandria
http://www.transparenciaicone.com.br/alminoafonsorn/portaldatransparencia/	Portal da Transparência do Município de Almino Afonso
http://170.79.153.44:5659/transparencia/	Portal da Transparência do Município de Alto do Rodrigues
http://topdown.servehttp.com:8080/Transparencia/pmangicos/	Portal da Transparência do Município de Angicos
https://www.gove.digital/dados-abertos/#/angicos-rn/geral	Dados Abertos do Município de Angicos
https://antoniomartins.rn.gov.br/portal-da-transparencia/	Portal da Transparência do Município de Antônio Martins
https://www.apodi.rn.gov.br/acessoainformacao.php	Portal da Transparência do Município de Apodi
https://www.gove.digital/dados-abertos/#/apodi-rn/geral	Dados Abertos do Município de Apodi
http://areiabranca.rn.gov.br/transparencia/	Portal da Transparência do Município de Areia Branca
http://www.transparenciaicone.com.br/arezrn/portaldatransparencia/	Portal da Transparência do Município de Arêz
http://assu.rn.gov.br/portal-da-transparencia/	Portal da Transparência do Município do Assú
https://www.gove.digital/dados-abertos/#/assu-rn/geral	Dados Abertos do Município de Assu
http://baiaformosa.rn.gov.br/transparencia	Portal da Transparência do Município de Baia Formosa
http://www.portaltransparencia.gov.br/localidades/2401453-barauna	Portal da Transparência do Município de Baraúna
https://www.gove.digital/dados-abertos/#/barauna-rn/geral	Dados Abertos do Município de Baraúna
https://www.barcelona.rn.gov.br/acessoainformacao.php	Portal da Transparência do Município de Barcelona
http://topdown.servehttp.com:8080/Transparencia/pmbentofernandes/	Portal da Transparência do Município de Bento Fernandes
http://191.241.56.58/transparencia/	Portal da Transparência do Município de Boa Saúde
https://www.governotransparente.com.br/6647490	Portal da Transparência do Município de Bodó
https://site.bomjesus.rn.gov.br/transparencia-municipal	Portal da Transparência do Município de Bom Jesus
http://www.governotransparente.com.br/6650490	Portal da Transparência do Município de Brejinho
http://www.caicaradonorte.rn.leg.br/transparencia/	Portal da Transparência da Câmara Municipal de Caiçara do Norte
http://caicaradoriodovento.rn.gov.br/portal-da-transparencia/	Portal da Transparência do Município de Caiçara do Rio do Vento
https://caico.rn.gov.br/acessoainformacao.php	Portal da Transparência do Município de Caicó
https://www.gove.digital/dados-abertos/#/caico-rn/geral	Dados Abertos do Município de Caicó
https://www.campogrande.rn.gov.br/acessoainformacao.php	Portal da Transparência do Município de Campo Grande
http://186.209.104.139/transparencia/	Portal da Transparência do Município de Campo Redondo
http://topdown.servehttp.com:8080/transparencia/PMCanguaretama/	Portal da Transparência do Município de Canguaretama
https://www.gove.digital/dados-abertos/#/canguaretama-rn/geral	Dados Abertos do Município de Canguaretama
http://www.caraubas.rn.gov.br/portal-da-transparencia/	Portal da Transparência do Município de Caraúbas
http://170.79.48.23:85/	Portal da Transparência do Município de Carnaúba dos Dantas
https://carnaubais.rn.gov.br/acessoainformacao.php	Portal da Transparência do Município de Carnaubais
https://www.gove.digital/dados-abertos/#/carnaubais-rn/geral	Dados Abertos do Município de Carnaubais
http://topdown.servehttp.com:8080/Transparencia/pmcearamirim/	Portal da Transparência do Município de Ceará Mirim
https://www.cerrocora.rn.gov.br/acessoainformacao.php	Portal da Transparência do Município de Cerro Corá
http://topdown.servehttp.com:8080/transparencia/pmcoronelezequiel/	Portal da Transparência do Município de Coronel Ezequiel
http://www.transparenciaicone.com.br/coroneljoaopessoarn/portaldatransparencia/	Portal da Transparência do Município de Coronel João Pessoa
http://177.107.104.26:8080/transparencia/despesas.aspx	Portal da Transparência do Município de Cruzeta
http://prefeituracurraisnovos.com.br/transparencia/	Portal da Transparência do Município de Currais Novos
http://transparenciaicone.com.br/doutorseverianorn/portaldatransparencia/	Portal da Transparência do Município de Doutor Severiano
https://www.encanto.rn.gov.br/acessoainformacao.php	Portal da Transparência do Município de Encanto
https://www.gove.digital/dados-abertos/#/encanto-rn/geral	Dados Abertos do Município de Encanto
https://www.equador.rn.gov.br/portal/transparencia-fiscal	Portal da Transparência do Município de Equador
https://www.gove.digital/dados-abertos/#/equador-rn/geral	Dados Abertos do Município de Equador
http://topdown.servehttp.com:8080/Transparencia/pmespiritosanto/	Portal da Transparência do Município de Espirito Santo
https://extremoz.rn.gov.br/portal-da-transparencia/	Portal da Transparência do Município de Extremoz
https://www.gove.digital/dados-abertos/#/extremoz-rn/geral	Dados Abertos do Município de Extremoz
https://www.felipeguerra.rn.gov.br/contas-publicas	Portal da Transparência do Município de Felipe Guerra
http://www.governotransparente.com.br/6689489	Portal da Transparência do Município de Fernando Pedroza
http://168.232.150.196:81/	Portal da Transparência do Município de Florânia
https://www.gove.digital/dados-abertos/#/florania-rn/geral	Dados Abertos do Município de Florânia
https://www.franciscodantas.rn.gov.br/acessoainformacao.php	Portal da Transparência do Município de Francisco Dantas
http://cloud.publica.inf.br/clientes/frutuosogomes_pm/portaltransparencia/	Portal da Transparência do Município de Frutuoso Gomes
http://170.254.212.205:8079/transparencia/	Portal da Transparência do Município de Galinhos
http://goianinha.rn.gov.br/transparencia/	Portal da Transparência do Município de Goianinha
https://www.gove.digital/dados-abertos/#/goianinha-rn/geral	Dados Abertos do Município de Goianinha
http://topdown.servehttp.com:8080/Transparencia/pmgovdixseptrosado/	Portal da Transparência do Município de Governador Dix-Sept Rosado
http://168.197.161.13:8079/transparencia/	Portal da Transparência do Município de Grossos
https://guamare.rn.gov.br/portal-da-transparencia/	Portal da Transparência do Município de Guamaré
https://ielmomarinho.rn.gov.br/transparencia/	Portal da Transparência do Município de Ielmo Marinho
https://ipanguacu.rn.gov.br/transparencia/	Portal da Transparência do Município de Ipanguaçu
http://transparencia.ipueira.rn.gov.br/	Portal da Transparência do Município de Ipueira
https://itaja.rn.gov.br/transparencia/	Portal da Transparência do Município de Itajá
https://www.itau.rn.gov.br/acessoainformacao.php	Portal da Transparência do Município de Itaú
https://www.gove.digital/dados-abertos/#/itau-rn/geral	Dados Abertos do Município de Itaú
http://topdown.servehttp.com:8080/transparencia/pmjacana/	Portal da Transparência do Município de Jaçanã
http://topdown.servehttp.com:8080/transparencia/pmjandaira/	Portal da Transparência do Município de Jandaíra
http://topdown.servehttp.com:8080/transparencia/pmjanduis/	Portal da Transparência do Município de Janduís
https://www.gove.digital/dados-abertos/#/janduis-rn/geral	Dados Abertos do Município de Janduís
http://japi.rn.gov.br/transparencia-municipal/	Portal da Transparência do Município de Japi
https://jardimdeangicos.rn.gov.br/transparencia/	Portal da Transparência do Município de Jardim de Angicos
http://topdown.servehttp.com:8080/transparencia/pmjardimpiranhas/	Portal da Transparência do Município de Jardim de Piranhas
http://170.79.48.5:8080/transparencia/	Portal da Transparência do Município de Jardim do Seridó
http://topdown.servehttp.com:8080/Transparencia/pmjoaocamara/	Portal da Transparência do Município de João Câmara
https://www.joaodias.rn.gov.br/acessoainformacao.php	Portal da Transparência do Município de João Dias
https://www.josedapenha.rn.gov.br/acessoainformacao.php	Portal da Transparência do Município de José da Penha
http://www.jucurutu.rn.gov.br/portal-da-transparencia/	Portal da Transparência do Município de Jucurutu
http://jundia.rn.gov.br/transparencia-municipal/	Portal da Transparência do Município de Jundiá
https://lagoadanta.rn.gov.br/transparente/	Portal da Transparência do Município de Lagoa D’Anta
http://lagoadepedras.rn.gov.br/portaldatransparencia.html	Portal da Transparência do Município de Lagoa de Pedras
https://www.governotransparente.com.br/6739489	Portal da Transparência do Município de Lagoa de Velhos
http://lagoanova.rn.gov.br/portal-da-transparencia/	Portal da Transparência do Município de Lagoa Nova
https://lagoasalgada.rn.gov.br/transparente/	Portal da Transparência do Município de Lagoa Salgada
http://lajes.rn.gov.br/transparencia/	Portal da Transparência do Município de Lajes
http://topdown.servehttp.com:8080/transparencia/pmlajespintadas/	Portal da Transparência do Município de Lajes Pintadas
http://cloud.publica.inf.br/clientes/lucrecia_pm/portaltransparencia/	Portal da Transparência do Município de Lucrécia
https://luisgomes.rn.gov.br/elementor-6617/	Portal da Transparência do Município de Luís Gomes
http://186.209.105.226/transparencia/portalMacaiba/index.html	Portal da Transparência do Município de Macaíba
http://transparencia.macau.rn.gov.br/	Portal da Transparência do Município de Macau
https://www.majorsales.rn.gov.br/acessoainformacao.php	Portal da Transparência do Município de Major Sales
https://marcelinovieira.rn.gov.br/acessoainformacao.php	Portal da Transparência do Município de Marcelino Vieira
https://silveiramartins.rs.gov.br/transparencia/portal-da-transparencia	Portal da Transparência do Município de Martins
https://site.maxaranguape.rn.gov.br/transparencia-municipal	Portal da Transparência do Município de Maxaranguape
http://portaldatransparencia.publicsoft.com.br/sistemas/ContabilidadePublica/views/	Portal da Transparência do Município de Messias Targino
http://montanhas.rn.gov.br/portal-de-transparencia/	Portal da Transparência do Município de Montanhas
https://montealegre.rn.gov.br/transparencia/	Portal da Transparência do Município de Monte Alegre
http://www.governotransparente.com.br/6766590/	Portal da Transparência da Câmara Municipal de Monte Alegre
http://montedasgameleiras.rn.gov.br/transparencia-municipal/	Portal da Transparência do Município de Monte das Gameleiras
http://187.19.199.132/transparencia/	Portal da Transparência do Município de Mossoró
https://www.gove.digital/dados-abertos/#/mossoro-rn/geral	Dados Abertos do Município de Mossoró
https://natal.rn.gov.br/transparencia/	Portal da Transparência do Município de Natal
http://dados.natal.br/	Portal da Transparência da Mobilidade Urbana de Natal
https://www.gove.digital/dados-abertos/#/natal-rn/geral	Dados Abertos do Município de Natal
http://nisiafloresta.rn.gov.br/portal-da-transparencia/	Portal da Transparência do Município de Nísia Floresta
https://novacruz.rn.gov.br/transparente/	Portal da Transparência do Município de Nova Cruz
https://www.olhodaguadoborges.rn.gov.br/acessoainformacao.php	Portal da Transparência do Município de Olho D’Água do Borges
http://177.152.66.53:81/transparencia/	Portal da Transparência do Município de Ouro Branco
https://www.parana.rn.gov.br/acessoainformacao.php	Portal da Transparência do Município de Paraná
http://parau.rn.gov.br/transparencia-municipal/	Portal da Transparência do Município de Paraú
http://www.parazinho.rn.gov.br/transparencia.asp	Portal da Transparência do Município de Parazinho
http://topdown.servehttp.com:8080/Transparencia/pmparelhas/	Portal da Transparência do Município de Parelhas
https://parnamirim.rn.gov.br/transparencia.jsp	Portal da Transparência do Município de Parnamirim
http://transparenciapf.controletic.com.br/	Portal da Transparência do Município de Passa e Fica
http://www.governotransparente.com.br/6790490	Portal da Transparência do Município de Passagem
http://portaldatransparencia.publicsoft.com.br/sistemas/ContabilidadePublica/	Portal da Transparência da Câmara Municipal de Patu
https://www.paudosferros.rn.gov.br/acessoainformacao.php	Portal da Transparência do Município de Pau dos Ferros
http://www.pedragrande.rn.gov.br/transparencia/	Portal da Transparência do Município de Pedra Grande
https://pedrapreta.rn.gov.br/transparencia/	Portal da Transparência do Município de Pedra Preta
http://pedroavelino.rn.gov.br/326-2/	Portal da Transparência do Município de Pedro Avelino
https://pedrovelho.rn.gov.br/transparente/	Portal da Transparência do Município de Pedro Velho
%3138.36.5.70:3370/transparencia/	Portal da Transparência do Município de Pendências
https://piloes.rn.gov.br/acessoainformacao.php	Portal da Transparência do Município de Pilões
http://138.185.165.239/transparencia/despesas.aspx	Portal da Transparência do Município de Poço Branco
http://177.37.166.61:5656/Transparencia/	Portal da Transparência do Município de Portalegre
http://cloud.publica.inf.br/clientes/portodomangue_pm/portaltransparencia/	Portal da Transparência do Município de Porto do Mangue
http://pureza.rn.gov.br/transparencia-municipal/	Portal da Transparência do Município de Pureza
http://www.governotransparente.com.br/6815487	Portal da Transparência do Município de Rafael Fernandes
http://www.transparenciaicone.com.br/rafaelgodeirorn/portaldatransparencia/	Portal da Transparência do Município de Rafael Godeiro
http://cloud.publica.inf.br/clientes/riachodacruz_pm/portaltransparencia/	Portal da Transparência do Município de Riacho da Cruz
http://www.transparenciaicone.com.br/riachodesantanarn/portaldatransparencia/	Portal da Transparência do Município de Riacho de Santana
https://riachuelo.rn.gov.br/transparente/	Portal da Transparência do Município de Riachuelo
http://riodofogo.rn.gov.br/transparencia.html	Portal da Transparência do Município de Rio do Fogo
http://cloud.publica.inf.br/clientes/rodolfofernandes_pm/portaltransparencia/	Portal da Transparência do Município de Rodolfo Fernandes
https://ruybarbosa.rn.gov.br/transparente/	Portal da Transparência do Município de Ruy Barbosa
http://www.santacruz.rn.gov.br/site/index.php/prefeitura/portal-da-transparencia	Portal da Transparência do Município de Santa Cruz
http://www.governotransparente.com.br/6830590	Portal da Transparência da Câmara Municipal de Santa Maria
http://www.portaldatransparencia.gov.br/localidades/2411403-santana-do-matos	Portal da Transparência do Município de Santana do Matos
http://pmsantanadoserido.rn.gov.br/incorporar?link=http:%2F%2Fgovernotransparente.com.br%2F6834490	Portal da Transparência do Município de Santana do Seridó
http://santoantonio.rn.gov.br/transparencia.html	Portal da Transparência do Município de Santo Antônio
http://www.transparenciaicone.com.br/saobentodonortern/portaldatransparencia/	Portal da Transparência do Município de São Bento do Norte
http://topdown.servehttp.com:8080/transparencia/pmsaobentotrairi/	Portal da Transparência do Município de São Bento do Trairí
http://cloud.publica.inf.br/clientes/saofernando_pm/portaltransparencia/	Portal da Transparência do Município de São Fernando
http://cloud.publica.inf.br/clientes/saofranciscooeste_pm/portaltransparencia/	Portal da Transparência do Município de São Francisco do Oeste
https://saogoncalo.rn.gov.br/transparencia/	Portal da Transparência do Município de São Gonçalo do Amarante
http://saojoaodosabugi.rn.gov.br/portal-da-transparencia/	Portal da Transparência do Município de São João do Sabugi
http://177.135.190.90:8080/transparencia	Portal da Transparência do Município de São José de Mipibu
http://lemarq.com.br/transparencia/rnp132/	Portal da Transparência do Município de São José do Seridó
https://www.saomiguel.rn.gov.br/transparencia	Portal da Transparência do Município de São Miguel
https://site.saomigueldogostoso.rn.gov.br/transparencia-municipal	Portal da Transparência do Município de São Miguel do Gostoso
http://168.194.179.10:8079/Transparencia/	Portal da Transparência do Município de São Paulo do Potengi
http://www.portaltransparencia.gov.br/localidades/2412708-sao-pedro	Portal da Transparência do Município de São Pedro
https://saorafael.rn.gov.br/transparencia/	Portal da Transparência do Município de São Rafael
http://prefeituramunicipaldesaotome.rn.gov.br/incorporar?link=https:%2F%2Fgovernotransparente.com.br%2F6862488?clean=true	Portal da Transparência do Município de São Tomé
https://www.governotransparente.com.br/6864490	Portal da Transparência do Município de São Vicente
https://senadoreloidesouza.rn.gov.br/transparente/	Portal da Transparência do Município de Senador Elói de Souza
http://pmsenadorgeorginoavelino.rn.gov.br/incorporar?link=http:%2F%2Fgovernotransparente.com.br%2F6867488?clean=true	Portal da Transparência do Município de Senador Georgino Avelino
http://www.serracaiada.rn.gov.br/portal-transparencia.html	Portal da Transparência do Município de Serra Caiada
http://serradesaobento.rn.gov.br/incorporar?link=http:%2F%2Fgovernotransparente.com.br%2F6869490	Portal da Transparência do Município de Serra de São Bento
http://serradomel.rn.gov.br/incorporar?link=http:%2F%2Ftopdown.servehttp.com:8080%2FTransparencia%2Fpmserramel%2Fdespesas.aspx	Portal da Transparência do Município de Serra do Mel
http://serranegra.rn.gov.br/assuntos/portal-da-transparencia	Portal da Transparência do Município de Serra Negra do Norte
http://serrinha.rn.gov.br/transparencia-municipal/	Portal da Transparência do Município de Serrinha
http://transparencia.serrinhadospintos.rn.gov.br/	Portal da Transparência do Município de Serrinha dos Pintos
http://www.governotransparente.com.br/6878489	Portal da Transparência do Município de Severiano Melo
https://www.sitionovo.rn.leg.br/transparencia	Portal da Transparência da Câmara Municipal de Sítio Novo
https://transparencia.layoutsistemas.com.br/	Portal da Transparência do Município de Taboleiro Grande
http://www.damsete.com.br/portal_transparencia/empresa/08114753000130	Portal da Transparência do Município de Taipu
https://www.governotransparente.com.br/6885490?clean=false	Portal da Transparência do Município de Tangará
http://transparencia.tenenteananias.rn.gov.br/	Portal da Transparência do Município de Tenente Ananias
http://tenentelaurentinocruz.rn.gov.br/transparencia.htm	Portal da Transparência do Município de Tenente Laurentino Cruz
http://131.0.160.131:8070//transparencia/	Portal da Transparência do Município de Tibau
https://tibaudosul.rn.gov.br/portal-da-transparencia/	Portal da Transparência do Município de Tibau do Sul
http://timbaubadosbatistas.rn.gov.br/assuntos/portal-da-transparencia	Portal da Transparência do Município de Timbaúba dos Batistas
http://touros.rn.gov.br/transparencia-municipal/	Portal da Transparência do Município de Touros
http://triunfopotiguar.rn.gov.br/incorporar?link=http:%2F%2Fgovernotransparente.com.br%2F6897488	Portal da Transparência do Município de Triunfo Potiguar
http://umarizal.rn.gov.br/incorporar?link=http:%2F%2Fwww.governotransparente.com.br%2F6899488	Portal da Transparência do Município de Umarizal
http://168.232.150.251:8070/transparencia/despesas.aspx	Portal da Transparência do Município de Upanema
https://site.varzea.rn.gov.br/transparencia-municipal	Portal da Transparência do Município de Várzea
http://cloud.publica.inf.br/clientes/venhaver_pm/portaltransparencia/	Portal da Transparência do Município de Venha-Ver
http://veracruz.rn.gov.br/incorporar?link=http:%2F%2Fwww.governotransparente.com.br%2F6906490	Portal da Transparência do Município de Vera Cruz
http://cloud.publica.inf.br/clientes/vicosa_pm/portaltransparencia/	Portal da Transparência do Município de Viçosa
http://www.governotransparente.com.br/6909488	Portal da Transparência do Município de Vila Flor
http://servicosonline.canela.rs.gov.br:8080/sys523/	Portal da Transparência do Município de Canela
http://sistemas.canoas.rs.gov.br/transparencia/servlet/home	Portal da Transparência do Município de Canoas
https://www.caxias.rs.gov.br/transparencia/	Portal da Transparência do Município de Caxias do Sul
https://e-gov.betha.com.br/transparencia/01037-007/recursos.faces?mun=9bLe8KbFHR0=	Portal da Transparência do Município de Gramado
http://www.pelotas.com.br/transparencia/	Portal da Transparência do Município de Pelotas
http://datapoa.com.br/	Portal de Dados Abertos do Município de Porto Alegre
http://www.santamaria.rs.gov.br/transparencia/	Portal da Transparência do Município de Santa Maria
http://transparencia.altaflorestadoeste.ro.leg.br/	Portal da Transparência da Câmara Municipal de Alta Floresta D’Oeste
https://transparencia.altaflorestadoeste.ro.gov.br/	Portal de Transparência do Município de Alta Floresta D’Oeste
http://transparencia.altoalegredoparecis.ro.leg.br/portaltransparencia/	Portal de Transparência da Câmara Municipal de Alto Alegre dos Parecis
http://transparencia.altoalegre.ro.gov.br/	Portal de Transparência do Município de Alto Alegre dos Parecis
http://transparencia.camaradealtoparaiso.ro.gov.br/	Portal de Transparência da Câmara Municipal de Alto Paraíso
http://transparencia.altoparaiso.ro.gov.br/transparencia/	Portal de Transparência do Município de Alto Paraíso
http://transparencia.camaradealvorada.ro.gov.br/	Portal de Transparência da Câmara Municipal de Alvorada D’Oeste
http://transparencia.alvoradadooeste.ro.gov.br/	Portal de Transparência do Município de Alvorada D’Oeste
http://transparencia.camaradeariquemes.ro.gov.br/	Portal de Transparência da Câmara Municipal de Ariquemes
http://transparencia.ariquemes.ro.gov.br/transparencia/	Portal de Transparência do Município de Ariquemes
http://transparencia.buritis.ro.leg.br/portaltransparencia/	Portal de Transparência da Câmara Municipal de Buritis
http://transparencia.buritis.ro.gov.br/	Portal de Transparência do Município de Buritis
http://transparencia.cabixi.ro.leg.br/transparencia/	Portal de Transparência da Câmara Municipal de Cabixi
http://transparencia.cabixi.ro.gov.br/	Portal de Transparência do Município de Cabixi
http://transparencia.camaradecacaulandia.ro.gov.br/	Portal de Transparência da Câmara Municipal de Cacaulândia
http://transparencia.cacaulandia.ro.gov.br/transparencia/	Portal de Transparência do Município de Cacaulândia
https://transparencia.cacoal.ro.gov.br/	Portal de Transparência do Município de Cacoal
http://transparencia.cacoal.ro.leg.br/portaltransparencia/	Portal de Transparência da Câmara Municipal de Cacoal
http://transparencia.camponovoderondonia.ro.leg.br/	Portal de Transparência da Câmara Municipal de Campo Novo de Rondônia
http://camponovo.ro.gov.br/transparencia/	Portal de Transparência do Município de Campo Novo de Rondônia
http://177.3.248.228:8079/transparencia	Portal de Transparência da Câmara Municipal de Candeias do Jamari
http://transparencia.candeiasdojamari.ro.gov.br/	Portal de Transparência do Município de Candeias do Jamari
http://transparencia.castanheiras.ro.leg.br/	Portal de Transparência da Câmara Municipal de Castanheiras
http://transparencia.castanheiras.ro.gov.br/portaltransparencia/	Portal de Transparência do Município de Castanheiras
http://transparencia.cerejeiras.ro.leg.br/transparencia/	Portal de Transparência da Câmara Municipal de Cerejeiras
http://transparencia.cerejeiras.ro.gov.br/	Portal de Transparência do Município de Cerejeiras
http://transparencia.chupinguaia.ro.leg.br/portaltransparencia/	Portal de Transparência da Câmara Municipal de Chupinguaia
http://transparencia.chupinguaia.ro.gov.br/transparencia/	Portal de Transparência do Município de Chupinguaia
http://transparencia.coloradodooeste.ro.leg.br/portaltransparencia/	Portal de Transparência da Câmara Municipal de Colorado do Oeste
http://transparencia.coloradodooeste.ro.gov.br/transparencia/	Portal de Transparência do Município de Colorado do Oeste
http://transparencia.corumbiara.ro.leg.br/transparencia/	Portal de Transparência da Câmara Municipal de Corumbiara
http://transparencia.corumbiara.ro.gov.br/	Portal de Transparência do Município de Corumbiara
http://transparencia.costamarques.ro.leg.br/	Portal de Transparência da Câmara Municipal de Costa Marques
http://transparencia.costamarques.ro.gov.br/	Portal de Transparência do Município de Costa Marques
http://187.53.10.198:5659/transparencia/index.php	Portal de Transparência da Câmara Municipal de Cujubim
http://transparencia.cujubim.ro.gov.br/	Portal de Transparência do Município de Cujubim
https://transparencia.espigaodoeste.ro.leg.br/	Portal de Transparência da Câmara Municipal de Espigão D’Oeste
http://transparencia.espigaodooeste.ro.gov.br/transparencia/	Portal de Transparência do Município de Espigão D’Oeste
http://transparencia.governadorjorgeteixeira.ro.leg.br/	Portal de Transparência da Câmara Municipal de Governador Jorge Teixeira
http://transparencia.governadorjorgeteixeira.ro.gov.br/	Portal de Transparência do Município de Governador Jorge Teixeira
http://200.96.206.197:8079/TRANSPARENCIA/	Portal de Transparência da Câmara Municipal de Guajará-Mirim
http://transparencia.guajaramirim.ro.gov.br/transparencia/	Portal de Transparência do Município de Guajará-Mirim
http://www.transparencia.itapuadooeste.ro.leg.br:8079/transparencia/	Portal de Transparência da Câmara Municipal de Itapuã do Oeste
http://transparencia.itapuadooeste.ro.gov.br/transparencia/	Portal de Transparência do Município de Itapuã do Oeste
http://191.37.217.10:8079/transparencia/	Portal de Transparência da Câmara Municipal de Jaru
http://transparencia.jaru.ro.gov.br/transparencia/	Portal de Transparência do Município de Jaru
http://transparencia.jiparana.ro.leg.br/transparencia/	Portal de Transparência da Câmara Municipal de Ji-Paraná
http://transparencia.ji-parana.ro.gov.br:5659/transparencia/	Portal de Transparência do Município de Ji-Paraná
http://transparencia.camarademachadinho.ro.gov.br/	Portal de Transparência da Câmara Municipal de Machadinho d’Oeste
http://www.transparencia.machadinho.ro.gov.br/	Portal de Transparência do Município de Machadinho d’Oeste
http://transparencia.ministroandreazza.ro.leg.br/	Portal de Transparência da Câmara Municipal de Ministro Andreazza
http://transparencia.ministroandreazza.ro.gov.br/portaltransparencia/	Portal de Transparência do Município de Ministro Andreazza
http://transparencia.mirantedaserra.ro.leg.br/transparencia/	Portal de Transparência da Câmara Municipal de Mirante da Serra
https://camaraserra.atende.net/?pg=transparencia#!/	Portal de Transparência do Município de Mirante da Serra
http://transparencia.camarademontenegro.ro.gov.br/	Portal de Transparência da Câmara Municipal de Monte Negro
http://transparencia.montenegro.ro.gov.br/	Portal de Transparência do Município de Monte Negro
http://transparencia.camaranbo.ro.gov.br/portaltransparencia/	Portal de Transparência da Câmara Municipal de Nova Brasilândia D’Oeste
https://transparencia.novabrasilandia.ro.gov.br/portaltransparencia/	Portal de Transparência do Município de Nova Brasilândia D’Oeste
http://transparencia.novamamore.ro.leg.br:8079/transparencia/	Portal de Transparência da Câmara Municipal de Nova Mamoré
http://transparencia.novamamore.ro.gov.br/	Portal de Transparência do Município de Nova Mamoré
http://transparencia.novauniao.ro.gov.br/	Portal de Transparência da Câmara Municipal de Nova União
http://transparencia.novauniao.ro.gov.br/	Portal de Transparência do Município de Nova União
http://transparencia.novohorizontedooeste.ro.leg.br:5659/transparencia/	Portal de Transparência da Câmara Municipal de Novo Horizonte do Oeste
http://transparencia.novohorizonte.ro.gov.br:5659/transparencia/	Portal de Transparência do Município de Novo Horizonte do Oeste
http://201.216.108.218:9159/transparencia/	Portal de Transparência da Câmara Municipal de Ouro Preto do Oeste
http://transparencia.ouropretodooeste.ro.gov.br/transparencia/	Portal de Transparência do Município de Ouro Preto Do Oeste
http://45.233.222.132:8079/transparencia/	Portal de Transparência da Câmara Municipal de Parecis
http://transparencia.parecis.ro.gov.br/	Portal de Transparência do Município de Parecis
http://transparencia.pimentabueno.ro.leg.br/portaltransparencia/	Portal de Transparência da Câmara Municipal de Pimenta Bueno
http://transparencia.pimentabueno.ro.gov.br/portaltransparencia/	Portal de Transparência do Município de Pimenta Bueno
http://transparencia.pimenteirasdooeste.ro.leg.br/portaltransparencia/	Portal de Transparência da Câmara Municipal de Pimenteiras do Oeste
http://www.transparencia.pimenteirasdooeste.ro.gov.br/transparencia/	Portal de Transparência do Município de Pimenteiras do Oeste
http://transparencia.portovelho.ro.leg.br/	Portal da Transparência da Câmara Municipal de Porto Velho
http://transparencia.portovelho.ro.gov.br/Site/Principal/	Portal da Transparência do Município de Porto Velho
http://transparencia.camaramedici.ro.gov.br/	Portal de Transparência da Câmara Municipal de Presidente Médici
http://131.161.35.20:5659/transparencia/	Portal de Transparência do Município de Presidente Médici
http://transparencia.primaveraderondonia.ro.leg.br/	Portal de Transparência da Câmara Municipal de Primavera de Rondônia
http://transparencia.primavera.ro.gov.br/	Portal de Transparência do Município de Primavera de Rondônia
https://transparencia.riocrespo.ro.leg.br/	Portal de Transparência da Câmara Municipal de Rio Crespo
http://transparencia.riocrespo.ro.gov.br/portaltransparencia/	Portal de Transparência do Município de Rio Crespo
http://transparencia.rolimdemoura.ro.leg.br/	Portal de Transparência da Câmara Municipal de Rolim de Moura
http://transparencia.rolimdemoura.ro.gov.br/	Portal de Transparência do Município de Rolim de Moura
http://transparencia.abase.com.br/home/paginaInicial/nmRX5BhveQo=	Portal de Transparência da Câmara Municipal de Santa Luzia D’Oeste
http://transparencia.santaluzia.ro.gov.br/	Portal de Transparência do Município de Santa Luzia D’Oeste
http://transparencia.saofelipedoeste.ro.leg.br/	Portal de Transparência da Câmara Municipal de São Felipe D’Oeste
http://transparencia.saofelipe.ro.gov.br/portaltransparencia/	Portal de Transparência do Município de São Felipe D’Oeste
http://transparencia.camaradesaofrancisco.ro.gov.br/	Portal da Transparência da Câmara Municipal de São Francisco do Guaporé
http://transparencia.saofrancisco.ro.gov.br/	Portal de Transparência do Município de São Francisco do Guaporé
http://transparencia.saomigueldoguapore.ro.leg.br/	Portal de Transparência da Câmara Municipal de São Miguel do Guaporé
http://transparencia.saomiguel.ro.gov.br/portaltransparencia/	Portal de Transparência do Município de São Miguel do Guaporé
http://transparencia.seringueiras.ro.gov.br/	Portal de Transparência do Município de Seringueiras
http://transparencia.teixeiropolis.ro.leg.br/	Portal de Transparência da Câmara Municipal de Teixeirópolis
http://transparencia.teixeiropolis.ro.gov.br/	Portal de Transparência do Município de Teixeirópolis
http://177.203.133.116:8079/transparencia/	Portal de Transparência do Município de Theobroma
https://urupa.ro.leg.br/transparencia/	Portal de Transparência da Câmara Municipal de Urupá
http://transparencia.urupa.ro.gov.br/portaltransparencia/	Portal de Transparência do Município de Urupá
http://transparencia.camaravaledoanari.ro.gov.br/	Portal de Transparência da Câmara Municipal de Vale do Anari
http://transparencia.valedoanari.ro.gov.br/portaltransparencia/	Portal de Transparência do Município de Vale do Anari
http://transparencia.camaradevaledoparaiso.ro.gov.br/	Portal de Transparência da Câmara Municipal de Vale do Paraíso
http://transparencia.camaravaledoanari.ro.gov.br/	Portal de Transparência do Município de Vale do Paraíso
http://transparencia.vilhena.ro.leg.br/	Portal de Transparência da Câmara Municipal de Vilhena
http://transparencia.vilhena.ro.gov.br/	Portal de Transparência do Município de Vilhena
http://transparencia.boavista.rr.gov.br/	Portal da Transparência do Município de Boa Vista
http://www.blumenau.sc.gov.br/transpnew/wppaginainicial.aspx	Portal da Transparência do Município de Blumenau
http://www.pmf.sc.gov.br/transparencia/index.php	Portal da Transparência do Município de Florianópolis
https://transparencia.joinville.sc.gov.br/	Portal da Transparência do Município de Joinville
http://e-gov.betha.com.br/transparencia/01031-007/recursos.faces?mun=8tRYRfBZo_M=	Portal da Transparência do Município de Praia Grande
http://www.bauru.sp.gov.br/financas/transparencia.aspx	Portal da Transparência do Município de Bauru
http://transparencia.campinas.sp.gov.br/	Portal da Transparência e Dados Abertos do Município de Campinas
http://camposdojordao.sp.gov.br/transparencia/	Portal da Transparência do Município de Campos do Jordão
http://portaldatransparencia.carapicuiba.sp.gov.br/site/	Portal da Transparência do Município de Carapicuíba
http://www.diadema.sp.gov.br/portal-da-transparencia	Portal da Transparência do Município de Diadema
http://www.franca.sp.gov.br/portal-transparencia/	Portal da Transparência do Município de Franca
https://www.indaiatuba.sp.gov.br/transparencia/	Portal da Transparência do Município de Indaiatuba
http://www2.itanhaem.sp.gov.br/portaltransparencia1/	Portal da Transparência do Município de Itanhaém
http://www.jacarei.sp.gov.br/transparencia-prefeitura/	Portal da Transparência do Município de Jacareí
http://leideacesso.etransparencia.com.br/guaruja.prefeitura.sp/TDAPortalClient.aspx?414	Portal da Transparência do Município de Guarujá
http://portaltransparencia.guarulhos.sp.gov.br/	Portal da Transparência do Município de Guarulhos
http://leideacesso.etransparencia.com.br/itaquaquecetuba.prefeitura.sp/TDAPortalClient.aspx?414	Portal da Transparência do Município de Itaquaquecetuba
https://transparencia.jundiai.sp.gov.br/	Portal da Transparência do Município de Jundiaí
https://siap.lorena.sp.gov.br/pmlorena/websis/portal_transparencia/financeiro/contas_publicas/index.php	Portal da Transparência do Município de Lorena
http://www.maua.sp.gov.br/PortalTransparencia/	Portal da Transparência do Município de Mauá
http://www.transparencia.pmmc.com.br/	Portal da Transparência do Município de Mogi das Cruzes
http://transparencia.osasco.sp.gov.br/	Portal da Transparência do Município de Osasco
http://transparencia.piracicaba.sp.gov.br/	Portal da Transparência do Município de Piracicaba
https://www.ribeiraopreto.sp.gov.br/portal/transparencia/portal-da-transparencia	Portal da Transparência do Município de Ribeirão Preto
https://apps.santaisabel.sp.gov.br/transparencia/	Portal da Transparência do Município de Santa Isabel
http://www.lei131.com.br/apex/portal/f?p=580:1:	Portal da Transparência do Município de Santo André
http://www.santos.sp.gov.br/cidadeaberta/	Portal da Transparência do Município de Santos
https://saobentodosapucai.giap.com.br/apex/sbs/f?p=839:1:0	Portal da Transparência do Município de São Bento do Sapucaí
http://www.saobernardo.sp.gov.br/web/transparencia	Portal da Transparência do Município de São Bernardo do Campo
http://www.riopreto.sp.gov.br/portaltransparencia/hometransparencia#	Portal da Transparência do Município de São José do Rio Preto
http://www.sjc.sp.gov.br/servicos/portal_da_transparencia.aspx	Portal da Transparência do Município de São José dos Campos
http://dados.prefeitura.sp.gov.br/	Portal de Dados Abertos do Município de São Paulo
http://online.saovicente.sp.gov.br/pmsaovicente/websis/portal_transparencia/financeiro/contas_publicas/index.php	Portal da Transparência do Município de São Vicente
http://sorocaba.prefeitura.sp.etransparencia.com.br/portal/Transparencia.aspx	Portal da Transparência do Município de Sorocaba
http://leideacesso.etransparencia.com.br/taubate.prefeitura.sp/Portal/desktop.html?410	Portal da Transparência do Município de Taubaté
http://transparencia.aracaju.se.gov.br/	Portal da Transparência do Município de Aracaju
http://www2.camara.leg.br/transparencia	Transparência Câmara dos Deputados
http://www.in.gov.br/web/guest/inicio	Diário Oficial da União
http://dados.gov.br/	Portal Brasileiro de Dados Abertos
http://portaldatransparencia.gov.br/	Portal da Transparência
https://visualizador.inde.gov.br/	Visualizador da Infraestrutura Nacional de Dados Espaciais – INDE
http://dados.agricultura.gov.br/	Dados Abertos Ministério da Agricultura, Pecuária e Abastecimento
https://aplicacoes.mds.gov.br/sagi/pesquisas/pes-metadados.php	Microdados de pesquisas realizadas pela Secretaria de Avaliação e Gestão da Informação do MDSA
https://www.defesa.gov.br/dados-abertos	Dados Abertos Ministério da Defesa
http://www.ipeadata.gov.br/	IPEAData
https://receita.economia.gov.br/orientacao/tributaria/cadastros/cadastro-nacional-de-pessoas-juridicas-cnpj/dados-publicos-cnpj	Dados Abertos do CNPJ
http://dadosabertos.mec.gov.br/	Dados Abertos Ministério da Educação
http://www.itamaraty.gov.br/pt-BR/dados-abertos	Dados Abertos Ministério das Relações Exteriores
http://dados.mma.gov.br/	Dados Abertos Ministério do Meio Ambiente
http://dados.turismo.gov.br/	Dados Abertos Ministério do Turismo
https://www12.senado.leg.br/transparencia/	Transparência Senado Federal
http://www.tse.jus.br/eleicoes/estatisticas/repositorio-de-dados-eleitorais-1/repositorio-de-dados-eleitorais	Dados eleitorais
http://divulgacandcontas.tse.jus.br/divulga/#/	Divulgação de Candidaturas e Contas Eleitorais
http://www.tse.jus.br/partidos/filiacao-partidaria/relacao-de-filiados	Filiação partidária
http://www.diario.ac.gov.br/	Diário Oficial do Estado do Acre
http://transparencia.ac.gov.br/acessoainformacao/index.php	Governo do Estado do Acre
https://sead.portal.ap.gov.br/diario_oficial	Diário Oficial do Estado do Amapá
http://www.transparencia.ap.gov.br/	Governo do Estado do Amapá
http://diario.imprensaoficial.am.gov.br/diariooficial/consultaPublica.do	Diário Oficial do Estado do Amazonas
http://www.transparencia.am.gov.br/	Governo do Estado do Amazonas
http://www.ioepa.com.br/portal/#1	Diário Oficial do Estado Pará
http://www.transparencia.pa.gov.br/	Governo do Estado do Pará
http://www.diof.ro.gov.br/	Diário Oficial do Estado de Rondônia
http://www.transparencia.ro.gov.br/	Governo do Estado de Rondônia
http://www.transparencia.rr.gov.br/	Diário Oficial do Estado de Roraima
http://www.transparencia.rr.gov.br/	Governo do Estado de Roraima
http://www.imprensaoficial.rr.gov.br/app/_inicial/	Diário Oficial do Estado do Tocantins
http://www.transparencia.to.gov.br/	Governo do Estado do Tocantins
http://dados.al.gov.br/	Alagoas em Dados e Informações
http://www.imprensaoficialal.com.br/diario-oficial/	Diário Oficial do Estado de Alagoas
http://transparencia.al.gov.br/	Governo do Estado de Alagoas
http://diarios.egba.ba.gov.br/html/_DODia/DO_frm0.html	Diário Oficial do Estado da Bahia
http://www.transparencia.ba.gov.br/	Governo do Estado da Bahia
https://cearatransparente.ce.gov.br/	Ceará Transparente
http://pesquisa.doe.seplag.ce.gov.br/doepesquisa/	Diário Oficial do Estado do Ceará
http://mapa.cultura.ce.gov.br/	Mapa Cultural do Ceará
http://www.diariooficial.ma.gov.br/	Diário Oficial do Estado do Maranhão
http://www.transparencia.ma.gov.br/	Governo do Estado do Maranhão
http://dados.pb.gov.br/	Dados do Governo do Estado da Paraíba
https://auniao.pb.gov.br/doe/	Diário Oficial do Estado da Paraíba
http://transparencia.pb.gov.br/	Portal da Transparência do Governo do Estado da Paraíba
https://www.cepe.com.br/diario-oficial	Diário Oficial do Estado de Pernambuco
http://web.transparencia.pe.gov.br/	Governo do Estado de Pernambuco
http://www.diariooficial.pi.gov.br/diarios.php	Diário Oficial do Estado do Piauí
http://transparencia.pi.gov.br/	Governo do Estado do Piauí
http://www.diariooficial.rn.gov.br/	Diário Oficial do Estado do Rio Grande do Norte
http://www.transparencia.rn.gov.br/	Governo do Estado do Rio Grande do Norte
https://segrase.se.gov.br/diario-oficial	Diário Oficial do Estado de Sergipe
http://www.transparenciasergipe.se.gov.br/	Governo do Estado de Sergipe
http://diariooficial.abc.go.gov.br/	Diário Oficial do Estado de Goiás
http://www.transparencia.go.gov.br/	Governo do Estado de Goiás
https://www.iomat.mt.gov.br/	Diário Oficial do Estado do Mato Grosso
http://www.transparencia.mt.gov.br/	Governo do Estado do Mato Grosso
http://www.spdo.ms.gov.br/diariodoe	Diário Oficial do Estado do Mato Grosso do Sul
http://www.transparencia.ms.gov.br/	Governo do Estado do Mato Grosso do Sul
http://www.transparencia.df.gov.br/	Governo do Distrito Federal
http://www.buriti.df.gov.br/ftp/	Diário Oficial do Distrito Federal
http://www.dados.df.gov.br/	Portal de Dados Abertos
http://ioes.dio.es.gov.br/portal/visualizacoes/diario_oficial	Diário Oficial do Estado do Espírito Santo
https://transparencia.es.gov.br/	Governo do Estado do Espírito Santo
https://www.jornalminasgerais.mg.gov.br/	Diário Oficial do Estado de Minas Gerais
http://www.transparencia.mg.gov.br/	Governo do Estado de Minas Gerais
https://www.imprensaoficial.com.br/#	Diário Oficial do Estado de São Paulo
http://www.governoaberto.sp.gov.br/	Governo Aberto SP
http://www.transparencia.sp.gov.br/	Governo do Estado de São Paulo
http://www.ioerj.com.br/portal/modules/content/index.php?id=21	Diário Oficial do Estado do Rio de Janeiro
http://www.transparencia.rj.gov.br/	Governo do Estado do Rio de Janeiro
http://apps.mprj.mp.br/sistema/cadg/	MP em Mapas (Ministério Público do Estado do Rio de Janeiro)
http://www.ispdados.rj.gov.br/	ISPDados (Dados Abertos do Instituto de Segurança Pública)
https://www.documentos.dioe.pr.gov.br/dioe/localizar.do	Diário Oficial do Estado do Paraná
http://www.transparencia.pr.gov.br/	Governo do Estado do Paraná
https://www.diariooficial.rs.gov.br/	Diário Oficial do Estado do Rio Grande do Sul
http://www.transparencia.rs.gov.br/	Governo do Estado do Rio Grande do Sul
http://bipublico.saude.rs.gov.br/index.htm	Secretária de Saúde do Estado do Rio Grande do Sul
http://www.doe.sea.sc.gov.br/Portal/ListarJornal.aspx	Diário Oficial do Estado de Santa Catarina
http://www.transparencia.sc.gov.br/	Governo do Estado de Santa Catarina
https://www.ancine.gov.br/pt-br/acesso-a-informacao/dados_abertos	Dados Abertos
http://www.ans.gov.br/planos-de-saude-e-operadoras/informacoes-e-avaliacoes-de-operadoras	Informações e avaliações de operadoras
http://www2.datasus.gov.br/DATASUS/index.php?area=02	Base de dados sobre a saúde no país
http://educacao.dadosabertosbr.com/	Educação Inteligente
https://dados.ifrn.edu.br/	IFRN - Dados Abertos
http://dados.ufrn.br/	UFRN - Dados Abertos
http://inep.gov.br/dados	Inep
http://dadosabertos.mec.gov.br/	Programa Mais Educação, Prouni e Pronatec
http://api.sidra.ibge.gov.br/	API de dados do SIDRA
http://www.bdg.ibge.gov.br/appbdg/	BDG - Banco de Dados Geodésicos
https://educa.ibge.gov.br/	IBGE Educa
https://paises.ibge.gov.br/	Países
https://portaldemapas.ibge.gov.br/portal.php#homepage	Portal de Mapas
https://sidra.ibge.gov.br/home/ipca/brasil	SIDRA - Banco de Tabelas Estatísticas
https://cidades.ibge.gov.br/	Sistema agregador de informações sobre os municípios e estados do Brasil
https://seriesestatisticas.ibge.gov.br/	Séries históricas e estatísticas
https://www.ipea.gov.br/portal/index.php?option=com_alphacontent&view=alphacontent&Itemid=432&search=atlas+da+viol%C3%AAncia	Atlas da Violência
http://dados.gov.br/dataset?groups=defesa-seguranca	Defesa e Segurança Pública
https://www.ibama.gov.br/manchasdeoleo	Manchas de Óleo no Litoral Brasileiro
http://queimadas.dgi.inpe.br/queimadas/bdqueimadas	Banco de Dados de Queimadas
http://dados.contraosagrotoxicos.org/	Dados Abertos Sobre Agrotóxicos
http://covid19.ac.gov.br/	Governo do Estado do Acre
https://agencia.ac.gov.br/categoria/boletim/	Governo do Estado do Acre
https://agencia.ac.gov.br/agencia-de-informacoes-sobre-coronavirus/	Governo do Estado do Acre
http://www.alagoascontraocoronavirus.com.br/ 	Governo do Estado do Alagoas
http://www.saude.al.gov.br/coronavirus/	Governo do Estado do Alagoas
http://www.dados.al.gov.br/dataset/painel-covid19-alagoas	Governo do Estado do Alagoas
http://transparencia.al.gov.br/despesa/covid19/	Governo do Estado do Alagoas
http://www.saude.al.gov.br/category/noticias-ve/	Governo do Estado do Alagoas
http://agenciaalagoas.al.gov.br/coronavirus	Governo do Estado do Alagoas
http://www.saude.al.gov.br/leitos-para-enfrentamento-da-covid-19/	Governo do Estado do Alagoas
https://www.portal.ap.gov.br/coronavirus	Governo do Estado do Amapá
https://corona.portal.ap.gov.br/	Governo do Estado do Amapá
http://transparencia.ap.gov.br/informacoes/covid	Governo do Estado do Amapá
http://painel.corona.ap.gov.br/	Governo do Estado do Amapá
http://coronavirus.amazonas.am.gov.br/	Governo do Estado do Amazonas
www.saude.am.gov.br/painel/corona/	Governo do Estado do Amazonas
http://www.fvs.am.gov.br/publicacoes	Governo do Estado do Amazonas
http://www.saude.am.gov.br/noticias.php	Governo do Estado do Amazonas
http://www.saude.ba.gov.br/temasdesaude/coronavirus/	Governo do Estado da Bahia
https://infovis.sei.ba.gov.br/covid19/	Governo do Estado da Bahia
https://coronavirus.ceara.gov.br/	Governo do Estado do Ceará
https://indicadores.integrasus.saude.ce.gov.br/indicadores/indicadores-coronavirus	Governo do Estado do Ceará
http://www.coronavirus.df.gov.br/	Governo do Distrito Federal
http://www.saude.df.gov.br/coronavirus/	Governo do Distrito Federal
https://covid19.ssp.df.gov.br/extensions/covid19/covid19.html#/	Governo do Distrito Federal
http://www.saude.df.gov.br/informativos-do-centro-de-operacoes-de-emergencia-coe/	Governo do Distrito Federal
https://coronavirus.es.gov.br/	Governo do Estado do Espírito Santo
http://www.saude.go.gov.br/coronavirus	Governo do Estado de Goiás
https://extranet.saude.go.gov.br/pentaho/api/repos/:coronavirus:paineis:painel.wcdf/generatedContent	Governo do Estado de Goiás
https://app.powerbi.com/view?r=eyJrIjoiNjM2MjQ2YTItMDQ0Mi00NmY0LTljYjEtNTExMTFlNDA5ZjYzIiwidCI6IjE4MzNkNDljLTQzZGItNGRmYy1hNDE3LWJjMDk4YjE0OGQ2MSJ9	Governo do Estado de Goiás
https://app.powerbi.com/view?r=eyJrIjoiNjM2MjQ2YTItMDQ0Mi00NmY0LTljYjEtNTExMTFlNDA5ZjYzIiwidCI6IjE4MzNkNDljLTQzZGItNGRmYy1hNDE3LWJjMDk4YjE0OGQ2MSJ9	Governo do Estado de Goiás
http://www.saude.ma.gov.br/novo/tire-suas-duvidas-sobre-coronavirus/	Governo do Estado do Maranhão
https://painel-covid19.saude.ma.gov.br/	Governo do Estado do Maranhão
http://www.saude.mt.gov.br/informe/581	Governo do Estado do Mato Grosso
http://www.saude.mt.gov.br/informe/584	Governo do Estado do Mato Grosso
http://www.saude.mt.gov.br/noticias	Governo do Estado do Mato Grosso
http://www.saude.mt.gov.br/informe/590	Governo do Estado do Mato Grosso
http://www.coronavirus.ms.gov.br/	Governo do Estado do Mato Grosso do Sul
https://www.vs.saude.ms.gov.br/Geral/vigilancia-saude/vigilancia-epidemiologica/boletim-epidemiologico/covid-19/	Governo do Estado do Mato Grosso do Sul
http://mais.saude.ms.gov.br/sense/app/51c38346-b65d-4f3e-8a80-5111a7a9da76/overview	Governo do Estado do Mato Grosso do Sul
https://www.saude.mg.gov.br/coronavirus	Governo do Estado de Minas Gerais
http://www.transparencia.mg.gov.br/covid-19	Governo do Estado de Minas Gerais
http://www.transparencia.dadosabertos.mg.gov.br/organization/secretaria-de-estado-de-saude	Governo do Estado de Minas Gerais
https://www.saude.mg.gov.br/coronavirus/boletim	Governo do Estado de Minas Gerais
http://www.saude.pa.gov.br/coronavirus/	Secretaria de Saúde Pública do Pará
https://transparenciacovid19.pa.gov.br/	Governo do Estado do Pará
https://www.covid-19.pa.gov.br/retomapara/	Governo do Estado do Pará
http://www.saude.pa.gov.br/category/nota-informativa-covid-19/	Secretaria de Saúde Pública do Pará
https://www.covid-19.pa.gov.br/public/dashboard/41777953-93bf-4a46-b9c2-3cf4ccefb3c9	Secretaria de Saúde Pública do Pará
https://www.covid-19.pa.gov.br/#/	Secretaria de Saúde Pública do Pará
https://superset.plataformatarget.com.br/superset/dashboard/55/	Governo do Estado da Paraíba
https://superset.plataformatarget.com.br/superset/dashboard/microdados/	Governo do Estado da Paraíba
https://superset.plataformatarget.com.br/superset/dashboard/72/	Governo do Estado da Paraíba
https://paraiba.pb.gov.br/diretas/saude/coronavirus/	Governo do Estado da Paraíba
http://www.coronavirus.pr.gov.br/Campanha	Governo do Estado do Paraná
https://www.cievspe.com/novo-coronavirus-2019-ncov	Governo do Estado de Pernambuco
https://www.pecontracoronavirus.pe.gov.br/	Governo do Estado de Pernambuco
https://dados.seplag.pe.gov.br/apps/corona.html#painel	Governo do Estado de Pernambuco
https://datastudio.google.com/reporting/a6dc07e9-4161-4b5a-9f2a-6f9be486e8f9/page/2itOB	Governo do Estado do Piauí
http://coronavirus.pi.gov.br/	Governo do Estado do Piauí
http://portal.saude.pi.gov.br/2020/inf_saude/epidemiologia/covid-19/covid-19.asp	Governo do Estado do Piauí
https://coronavirus.rj.gov.br/	Governo do Estado do Rio de Janeiro
http://ti.saude.rs.gov.br/covid19/	Governo do Estado do Rio Grande do Sul
http://www.saude.rn.gov.br/Conteudo.asp?TRAN=ITEM&TARG=223456&ACT=&PAGE=&PARM=&LBL=MAT%C9RIA	Governo do Estado do Rio Grande do Norte
https://coronavirus.rs.gov.br/informe-epidemiologico	Governo do Estado do Rio Grande do Sul
https://covid.saude.rs.gov.br/	Governo do Estado do Rio Grande do Sul
https://saude.rs.gov.br/coronavirus	Governo do Estado do Rio Grande do Sul
https://coronavirus.rs.gov.br/inicial	Governo do Estado do Rio Grande do Sul
http://www.rondonia.ro.gov.br/agevisa/institucional/coronavirus/	Governo do Estado de Rondônia
http://coronavirus.ro.gov.br/	Governo do Estado de Rondônia
https://saude.rr.gov.br/index.php/informacoesx/coronavirus	Governo do Estado de Roraima
http://www.coronavirus.sc.gov.br/	Governo do Estado de Santa Catarina
http://www.saude.sc.gov.br/coronavirus/boletins.html	Governo do Estado de Santa Catarina
http://www.coronavirus.sc.gov.br/boletins/	Governo do Estado de Santa Catarina
https://app.powerbi.com/view?r=eyJrIjoiNDMyMDhkMWItZTI3NC00ZTkzLWJiNTEtOWE1YWQxZjg4MjI2IiwidCI6ImExN2QwM2ZjLTRiYWMtNGI2OC1iZDY4LWUzOTYzYTJlYzRlNiJ9	Governo do Estado de Santa Catarina
https://app.powerbi.com/view?r=eyJrIjoiMWY5NzE5ZjMtYmNmMC00ZmQxLWE1ZjctZGU0MWU3NmNiY2Q0IiwidCI6IjgwOGMzZTQ2LWIyZjYtNGUyMS1hMzU2LTMxNWRjNzI0YzI4YiJ9	Governo do Estado de Santa Catarina
http://dados.sc.gov.br/group/covid-19	Governo do Estado de Santa Catarina
https://www.seade.gov.br/coronavirus/	Governo do Estado de São Paulo
http://www.saude.sp.gov.br/cve-centro-de-vigilancia-epidemiologica-prof.-alexandre-vranjac/areas-de-vigilancia/doencas-de-transmissao-respiratoria/coronavirus-covid-19/situacao-epidemiologica	Governo do Estado de São Paulo
http://www.saude.sp.gov.br/ses/perfil/cidadao/homepage/outros-destaques/covid-19-plano-de-contingencia-boletins-diarios-e-outras-informacoes.	Governo do Estado de São Paulo
https://www.saopaulo.sp.gov.br/coronavirus/	Governo do Estado de São Paulo
https://todoscontraocorona.net.br/noticias/	Governo do Estado de Sergipe
http://sergipecontraocoronavirus.net.br/	Governo do Estado de Sergipe
http://coronavirus.to.gov.br/	Governo do Estado do Tocantins
http://integra.saude.to.gov.br/covid19	Governo do Estado do Tocantins
